SlNo,State,District,event_date,susceptibility_probability,rainfall_probability
1771,Arunachal Pradesh,Lower Dibang Valley,2024-04-24,0.9966666666666667,0.2902079672880148
1941,Arunachal Pradesh,Lower Dibang Valley,2024-04-24,0.9966666666666667,0.2902079672880148
1120,Arunachal Pradesh,Lower Subansiri,2016-07-16,0.9966666666666667,0.9827486378601027
999,Arunachal Pradesh,Lower Subansiri,2016-07-16,0.9733333333333334,0.973110313843897
1938,Arunachal Pradesh,Papum Pare,2024-06-18,0.9366666666666666,0.6131912790441425
1940,Arunachal Pradesh,Papum Pare,2024-06-18,0.92,0.5869846788061717
2078,Arunachal Pradesh,Papum Pare,2026-03-16,1.0,0.21235617762825285
878,Arunachal Pradesh,West Kameng,2016-07-01,0.9166666666666666,0.8513148038158304
1242,Arunachal Pradesh,Tawang,2016-04-22,0.9933333333333333,0.5255786189837955
1254,Arunachal Pradesh,Tawang,2016-04-22,1.0,0.5255786189837955
1258,Arunachal Pradesh,Tawang,2016-04-22,0.9833333333333333,0.5255786189837955
1218,Arunachal Pradesh,Tawang,2016-04-22,0.9966666666666667,0.5255786189837955
1241,Arunachal Pradesh,Tawang,2016-04-22,0.9933333333333333,0.5255786189837955
1219,Arunachal Pradesh,Tawang,2016-04-22,0.9966666666666667,0.5255786189837955
1246,Arunachal Pradesh,Tawang,2016-04-23,0.94,0.430076625430031
1259,Arunachal Pradesh,Tawang,2016-04-23,0.96,0.430076625430031
1264,Arunachal Pradesh,Tawang,2016-04-23,0.9733333333333334,0.430076625430031
1265,Arunachal Pradesh,Tawang,2016-04-23,0.9733333333333334,0.430076625430031
1220,Arunachal Pradesh,Tawang,2016-04-23,0.9666666666666667,0.430076625430031
1251,Arunachal Pradesh,Tawang,2016-04-23,0.8433333333333334,0.4249834546425813
1103,Arunachal Pradesh,Lower Subansiri,2016-07-17,0.99,0.9659432991963561
1082,Arunachal Pradesh,Lower Subansiri,2016-07-17,1.0,0.9526343204056587
1049,Arunachal Pradesh,Lower Subansiri,2016-07-17,0.9966666666666667,0.9526343204056587
1042,Arunachal Pradesh,Lower Subansiri,2016-07-17,1.0,0.9526343204056587
1033,Arunachal Pradesh,Lower Subansiri,2016-07-17,0.9966666666666667,0.9526343204056587
30,Assam,Cachar,2016-08-31,0.73,0.7670439308349785
36,Assam,Cachar,2020-06-05,0.8566666666666667,0.7704211441526888
243,Assam,Dima Hasao,2010-04-02,0.71,0.5042736351018864
521,Assam,Dima Hasao,2009-08-20,0.66,0.5656321200106151
783,Assam,Dima Hasao,2022-05-16,0.8566666666666667,0.9689794766961246
656,Assam,Dima Hasao,2022-05-13,0.9733333333333334,0.8835432830746914
722,Assam,Dima Hasao,2016-05-22,0.99,0.6360285502170046
813,Assam,Dima Hasao,2022-06-16,0.8,0.9870355978268712
672,Assam,Dima Hasao (N.C. Hills),2016-05-27,0.9966666666666667,0.5037291892267397
643,Assam,Dima Hasao (N.C. Hills),2016-05-22,0.97,0.6254241639471793
683,Assam,Dima Hasao (N.C. Hills),2016-05-17,0.9966666666666667,0.9584371842432791
650,Assam,Dima Hasao (N.C. Hills),2016-05-22,0.9966666666666667,0.6254241639471793
709,Assam,Dima Hasao (N.C. Hills),2014-08-20,1.0,0.1755154351857151
723,Assam,Dima Hasao (N.C. Hills),2016-05-22,0.99,0.6391348089944647
8,Assam,Hailakandi,2016-05-17,0.66,0.8456459166089103
15,Assam,Hailakandi,2016-05-18,0.88,0.9620356868633678
793,Assam,Kamrup,2025-05-01,0.98,0.35425514726014945
795,Assam,Kamrup,2012-06-25,0.7766666666666666,0.9650059670055623
796,Assam,Kamrup,2012-06-25,0.9666666666666667,0.9650059670055623
797,Assam,Kamrup,2012-06-27,0.85,0.8999938435906526
842,Assam,Kamrup,2014-07-17,0.7,0.2552400340785576
844,Assam,Kamrup,2014-09-23,0.69,0.9983285062195244
845,Assam,Kamrup,2008-12-26,0.7666666666666667,0.09946246932540784
847,Assam,Kamrup,2025-07-05,0.9966666666666667,0.4721258817890916
800,Assam,Kamrup,2025-06-06,0.8433333333333334,0.4051868329734015
474,Assam,Kamrup,2018-08-24,1.0,0.4329248595698344
801,Assam,Kamrup,2025-06-04,0.9633333333333334,0.5788669888305791
802,Assam,Kamrup,2025-06-04,0.9866666666666667,0.5788669888305791
776,Assam,Kamrup (Metro),2022-06-16,0.9233333333333333,0.9991818548896478
762,Assam,Kamrup (Metro),2017-06-13,1.0,0.7939229537927537
731,Assam,Kamrup (Metro),2019-07-16,0.8033333333333333,0.5605937955077012
730,Assam,Kamrup (Metro),2019-07-10,0.9433333333333334,0.878025210057395
773,Assam,Kamrup (Metro),2020-06-28,0.8966666666666666,0.8146663881032592
504,Assam,Kamrup (Metro),2017-06-13,0.9666666666666667,0.7939229537927537
490,Assam,Kamrup (Metro),2017-06-13,0.9066666666666666,0.7939229537927537
503,Assam,Kamrup (Metro),2017-06-13,1.0,0.7939229537927537
488,Assam,Kamrup (Metro),2023-06-17,0.9333333333333333,0.9094708322205337
519,Assam,Kamrup (Metro),2011-03-23,0.8533333333333334,0.1928869299624912
777,Assam,Kamrup (Metro),2022-06-16,0.9433333333333334,0.9996145378737431
729,Assam,Kamrup (Metro),2016-07-20,0.9766666666666667,0.46047999708540527
774,Assam,Kamrup (Metro),2020-07-12,0.8866666666666667,0.752397962937851
506,Assam,Kamrup (Metro),2017-06-16,0.79,0.6979078300286288
775,Assam,Kamrup (Metro),2020-06-26,0.9766666666666667,0.8514763126950312
843,Assam,Kamrup (Metro),2025-11-02,0.8333333333333334,0.16220298111896395
856,Assam,Kamrup (Metro),2024-08-08,0.7,0.5846377882402457
35,Assam,Karimganj,2010-06-03,0.8366666666666667,0.8827876765058817
38,Assam,Karimganj,2020-06-02,0.8333333333333334,0.803817625029626
39,Assam,Karimganj,2020-06-02,0.9166666666666666,0.803817625029626
590,Assam,Udalguri,2021-04-28,1.0,0.11933321037080358
589,Assam,Udalguri,2021-04-28,0.98,0.11933321037080358
852,Assam,West Khasi Hills,2014-07-18,0.7466666666666667,0.21606441911427354
794,Assam,Kamrup,2012-06-22,0.9266666666666666,0.6318292392520041
798,Assam,Kamrup,2012-06-26,0.7666666666666667,0.9312747110666683
808,Assam,Dima Hasao,2022-05-14,0.91,0.8910987894231389
805,Assam,Dima Hasao,2022-05-14,0.8266666666666667,0.9253832371913937
632,Assam,Dima Hasao,2022-05-14,0.93,0.942585767925054
633,Assam,Dima Hasao,2022-05-14,1.0,0.942585767925054
624,Assam,Dima Hasao,2022-05-14,0.9933333333333333,0.942585767925054
787,Assam,Dima Hasao,2022-05-14,0.9966666666666667,0.942585767925054
779,Assam,Dima Hasao,2022-05-14,0.93,0.942585767925054
647,Assam,Dima Hasao,2022-05-14,0.9866666666666667,0.942585767925054
640,Assam,Dima Hasao,2022-05-14,0.9833333333333333,0.942585767925054
666,Assam,Dima Hasao,2022-05-14,0.92,0.942585767925054
649,Assam,Dima Hasao,2022-05-14,0.99,0.942585767925054
664,Assam,Dima Hasao,2022-05-15,1.0,0.9493960691417876
623,Assam,Dima Hasao,2022-05-15,0.93,0.9540282564777223
785,Assam,Dima Hasao,2022-05-15,0.88,0.9540282564777223
655,Assam,Dima Hasao,2022-05-15,0.9833333333333333,0.9540282564777223
667,Assam,Dima Hasao,2022-05-15,0.9,0.9540282564777223
642,Assam,Dima Hasao,2022-05-15,0.8866666666666667,0.9540282564777223
778,Assam,Kamrup (Metro),2022-06-17,0.8666666666666667,0.998882626609267
804,Assam,Kamrup,2025-05-31,0.9966666666666667,0.8334615806441971
799,Assam,Kamrup,2025-05-31,0.7633333333333333,0.872483807992427
846,Assam,Kamrup (Metro),2025-05-31,0.7466666666666667,0.872483807992427
850,Assam,Dima Hasao,2025-06-05,1.0,0.38198290365920207
849,Assam,Dima Hasao,2025-06-05,0.9766666666666667,0.38198290365920207
803,Assam,Kamrup,2025-06-05,0.8766666666666667,0.5094679615127421
848,Assam,Kamrup (Metro),2025-06-05,0.74,0.39506892736181504
19559,Manipur,Bishnupur,2024-08-01,1.0,0.8306993442673956
19560,Manipur,Bishnupur,2024-08-02,0.96,0.7889627168621219
18354,Manipur,Chandel,2007-09-07,0.94,0.8522194153127738
19217,Manipur,Kangpokpi,2017-06-04,0.97,0.5735801968800697
18904,Manipur,Noney,2018-06-06,1.0,0.26120003118466045
19578,Manipur,Ri-Bhoi,2011-06-26,0.9833333333333333,0.6017150078379654
19515,Manipur,Senapati,2007-09-09,0.8833333333333333,0.5386736096245073
19575,Manipur,TAMENGLONG,2011-05-31,0.8,0.8708971557218177
19576,Manipur,TAMENGLONG,2011-07-06,0.99,0.6402928525708531
18716,Manipur,Tamenglong,2007-06-16,0.75,0.6400663195332507
19582,Manipur,Tamenglong,2010-06-08,0.87,0.9889553516766478
19583,Manipur,Tamenglong,2010-06-08,0.9933333333333333,0.9889553516766478
19584,Manipur,Tamenglong,2010-03-28,0.8766666666666667,0.30382835202846453
18803,Manipur,Tamenglong,2008-06-19,1.0,0.2425005734224341
18759,Manipur,Tamenglong,2008-07-01,0.8766666666666667,0.4494951024281927
18718,Manipur,Tamenglong,2007-09-10,0.7633333333333333,0.5194884743982442
18997,Manipur,Tamenglong,2007-08-24,0.92,0.22114562124774126
18988,Manipur,Tamenglong,2018-06-22,0.7666666666666667,0.6120087311433644
19558,Manipur,Tamenglong,2024-07-29,0.8566666666666667,0.8369703837487588
18802,Manipur,Tamenglong,2007-09-12,1.0,0.2631297851721903
19123,Manipur,Tamenglong,2018-07-11,0.9966666666666667,0.30453139670484664
18701,Manipur,Tengnoupal,2018-08-02,0.7166666666666667,0.4663593730001652
18986,Manipur,Ukhrul,2018-06-12,0.9833333333333333,0.9979412698805082
19020,Manipur,Kangpokpi,2007-08-28,0.9733333333333334,0.4187806123096136
19019,Manipur,Tamenglong,2007-08-28,0.8766666666666667,0.3766205925136759
19016,Manipur,Tamenglong,2007-08-28,0.9333333333333333,0.5463604730908486
19011,Manipur,Tamenglong,2007-08-28,0.97,0.3766205925136759
19012,Manipur,Tamenglong,2007-08-28,0.97,0.3766205925136759
19017,Manipur,Ukhrul,2007-08-28,0.9833333333333333,0.6156320707345778
19600,Manipur,Noney,2025-05-31,0.9766666666666667,0.9792798587479699
19601,Manipur,Noney,2025-06-05,0.9966666666666667,0.4740328166110151
20504,Meghalaya,East Jaintia Hills,2025-05-11,0.9966666666666667,0.1587215082476358
19658,Meghalaya,East Jaintia Hills,2018-05-07,0.9966666666666667,0.22809426249667264
20511,Meghalaya,East Khasi Hills,2010-08-27,0.8366666666666667,0.3275775029336369
20512,Meghalaya,East Khasi Hills,2010-06-28,0.9966666666666667,0.9103631973219634
20513,Meghalaya,East Khasi Hills,2010-06-28,1.0,0.8302690994571013
20514,Meghalaya,East Khasi Hills,2010-06-28,0.95,0.9103631973219634
20488,Meghalaya,East Khasi Hills,2024-10-04,0.9666666666666667,0.4009475581408214
20613,Meghalaya,East Khasi Hills,2024-07-01,1.0,0.9928942258753345
20612,Meghalaya,East Khasi Hills,2024-07-01,0.9933333333333333,0.9928942258753345
20391,Meghalaya,East Khasi Hills,2007-09-15,0.99,0.36390712162496225
20581,Meghalaya,East Khasi Hills,2022-06-15,0.9133333333333333,0.9963020057181264
20582,Meghalaya,East Khasi Hills,2022-06-15,0.9166666666666666,0.9963020057181264
20583,Meghalaya,East Khasi Hills,2022-06-15,0.91,0.9963020057181264
19885,Meghalaya,East Khasi Hills,2024-05-30,0.75,0.9712429266056398
20587,Meghalaya,East Khasi Hills,2022-04-04,1.0,0.364933836786877
20588,Meghalaya,East Khasi Hills,2022-04-04,0.9933333333333333,0.364933836786877
20547,Meghalaya,East Khasi Hills,2019-06-27,0.9733333333333334,0.9577972002030082
20548,Meghalaya,East Khasi Hills,2019-06-27,0.9866666666666667,0.9577972002030082
20551,Meghalaya,East Khasi Hills,2019-06-27,0.97,0.9253585127880909
19902,Meghalaya,East Khasi Hills,2009-06-29,0.9933333333333333,0.39814404557749544
20204,Meghalaya,East Khasi Hills,2007-09-08,0.7866666666666666,0.9778263407010421
20231,Meghalaya,East Khasi Hills,2014-09-23,0.91,0.9891265663739055
19895,Meghalaya,East Khasi Hills,2022-04-04,0.99,0.6527634527398795
20550,Meghalaya,East Khasi Hills,2019-06-27,0.9966666666666667,0.9253585127880909
20656,Meghalaya,East Khasi Hills,2025-08-19,0.9133333333333333,0.4027387258571017
20542,Meghalaya,East Khasi Hills,2019-07-10,0.9766666666666667,0.9845432218521847
20293,Meghalaya,East Khasi Hills,2024-05-27,0.89,0.8146950127878891
20638,Meghalaya,Eastern-West Khasi Hill,2024-08-06,0.9733333333333334,0.32817543993973236
20647,Meghalaya,Eastern-West Khasi Hill,2025-06-11,0.96,0.2707788359280451
20648,Meghalaya,Eastern-West Khasi Hill,2025-06-11,0.9566666666666667,0.381970194364736
20649,Meghalaya,Eastern-West Khasi Hill,2024-05-29,0.6666666666666666,0.6452083821209342
20651,Meghalaya,Eastern-West Khasi Hill,2024-05-29,0.94,0.6452083821209342
20621,Meghalaya,Eastern-West Khasi Hill,2025-07-02,0.9933333333333333,0.383494990548327
20635,Meghalaya,Eastern-West Khasi Hill,2025-06-25,0.9966666666666667,0.28910562086027836
20636,Meghalaya,Eastern-West Khasi Hill,2024-10-08,1.0,0.2532356350521374
20637,Meghalaya,Eastern-West Khasi Hill,2024-08-06,1.0,0.32817543993973236
20642,Meghalaya,Eastern-West Khasi Hill,2025-05-28,0.9866666666666667,0.3762847023864768
20646,Meghalaya,Eastern-West Khasi Hill,2025-06-11,0.9933333333333333,0.2707788359280451
20650,Meghalaya,Eastern-West Khasi Hill,2024-05-29,0.9766666666666667,0.6452083821209342
20652,Meghalaya,Eastern-West Khasi Hill,2024-08-28,0.97,0.32352110665101275
20643,Meghalaya,Eastern-West Khasi Hill,2025-06-25,0.99,0.28910562086027836
20641,Meghalaya,Eastern-West Khasi Hill,2025-05-28,0.9833333333333333,0.3762847023864768
19675,Meghalaya,Jaintia Hills,2007-07-31,0.7466666666666667,0.8713294099009072
20055,Meghalaya,Jaintia Hills,2009-07-17,0.9366666666666666,0.2070874238408905
19681,Meghalaya,Jaintia Hills,2007-07-31,0.8966666666666666,0.8713294099009072
20534,Meghalaya,Ri-Bhoi,2012-07-26,0.6633333333333333,0.3508510814262625
20628,Meghalaya,Ri-Bhoi,2024-06-14,0.98,0.4356257375160176
20629,Meghalaya,Ri-Bhoi,2024-07-14,0.99,0.3486070343188475
20350,Meghalaya,Ri-Bhoi,2017-06-17,0.9433333333333334,0.861327890374079
20469,Meghalaya,Ri-Bhoi,2014-09-23,0.6833333333333333,0.9182330004283443
20460,Meghalaya,Ri-Bhoi,2014-10-05,0.8333333333333334,0.2385684485450287
20452,Meghalaya,Ri-Bhoi,2014-09-23,0.87,0.9654923068073895
20496,Meghalaya,Ri-Bhoi,2025-07-06,1.0,0.31371946498020065
20497,Meghalaya,Ri-Bhoi,2024-07-06,0.98,0.4348252583747932
20538,Meghalaya,Ri-Bhoi,2011-06-26,0.9833333333333333,0.26934855253424667
20474,Meghalaya,Ri-Bhoi,2014-09-20,0.79,0.23618928741736483
20655,Meghalaya,South West Garo Hills,2026-07-13,0.9,0.32902546612221073
20595,Meghalaya,South West Khasi Hills,2024-06-15,0.9666666666666667,0.9726936597261766
20491,Meghalaya,South West Khasi Hills,2024-06-15,0.8733333333333333,0.980014251182974
20492,Meghalaya,South West Khasi Hills,2024-06-17,0.7933333333333333,0.9961567836699899
20493,Meghalaya,South West Khasi Hills,2024-06-17,0.9033333333333333,0.9961567836699899
20495,Meghalaya,South West Khasi Hills,2024-06-15,0.71,0.980014251182974
20494,Meghalaya,South West Khasi Hills,2024-06-17,0.82,0.9961567836699899
19914,Meghalaya,South West Khasi Hills,2013-08-06,0.9766666666666667,0.36087547492486854
20108,Meghalaya,West Garo Hills,2007-07-27,0.9133333333333333,0.6400184237703825
20578,Meghalaya,West Garo Hills,2022-06-09,0.6766666666666666,0.7671016639161877
20486,Meghalaya,West Jaintia Hills,2020-05-25,0.7866666666666666,0.44436575399851874
20489,Meghalaya,West Jaintia Hills,2020-06-26,0.95,0.9725323344255592
20592,Meghalaya,West Jaintia Hills,2023-08-10,0.9266666666666666,0.1500826101695874
20524,Meghalaya,West Khasi Hills,2012-05-01,0.6866666666666666,0.2790995891708402
20535,Meghalaya,West Khasi Hills,2012-08-21,0.9033333333333333,0.7282620207498419
20591,Meghalaya,West Khasi Hills,2023-06-17,0.9233333333333333,0.9333606881478962
20376,Meghalaya,West Khasi Hills,2007-09-15,0.7033333333333334,0.49134460647423733
20390,Meghalaya,West Khasi Hills,2007-09-15,0.6666666666666666,0.49134460647423733
19737,Meghalaya,West Khasi Hills,2008-08-12,0.7666666666666667,0.39349047176886703
19739,Meghalaya,West Khasi Hills,2008-08-10,0.9666666666666667,0.33684723528442506
20112,Meghalaya,West Khasi Hills,2007-07-25,0.8233333333333334,0.9699784664837476
20064,Meghalaya,West Khasi Hills,2007-07-17,0.98,0.6817464338918103
20014,Meghalaya,West Khasi Hills,2007-06-16,0.7666666666666667,0.7757337270486396
20033,Meghalaya,West Khasi Hills,2007-06-16,0.7766666666666666,0.8325283809353681
20096,Meghalaya,West Khasi Hills,2007-07-25,0.9966666666666667,0.9699784664837476
20114,Meghalaya,West Khasi Hills,2007-07-25,0.9733333333333334,0.9699784664837476
19924,Meghalaya,East Khasi Hills,2007-07-19,0.9933333333333333,0.9827429667559204
19917,Meghalaya,East Khasi Hills,2007-07-19,0.8766666666666667,0.9827429667559204
20097,Meghalaya,East Khasi Hills,2007-07-19,0.9466666666666667,0.9661216344634976
20099,Meghalaya,West Khasi Hills,2007-07-19,0.9966666666666667,0.8799541458038148
19916,Meghalaya,West Khasi Hills,2007-07-19,0.9933333333333333,0.9839755284575307
19923,Meghalaya,West Khasi Hills,2007-07-19,0.8733333333333333,0.9927935450066061
19915,Meghalaya,West Khasi Hills,2007-07-19,0.8533333333333334,0.9927935450066061
20038,Meghalaya,East Khasi Hills,2007-08-18,0.96,0.17622031757648915
20036,Meghalaya,South Garo hills,2007-08-18,0.9433333333333334,0.24170197919125358
20047,Meghalaya,West Khasi Hills,2007-08-18,0.7666666666666667,0.2116991931250314
20035,Meghalaya,West Khasi Hills,2007-08-18,1.0,0.2116991931250314
20037,Meghalaya,West Khasi Hills,2007-08-18,0.98,0.23236519700613414
20142,Meghalaya,East Khasi Hills,2009-07-01,0.7533333333333333,0.8114927542615477
20148,Meghalaya,East Khasi Hills,2009-07-01,0.91,0.8114927542615477
20144,Meghalaya,East Khasi Hills,2009-07-01,0.79,0.8114927542615477
20141,Meghalaya,East Khasi Hills,2009-07-01,0.8666666666666667,0.840976275567891
20143,Meghalaya,Jaintia Hills,2009-07-01,0.9133333333333333,0.840976275567891
20521,Meghalaya,Jaintia Hills,2010-04-22,0.94,0.990252056895289
20522,Meghalaya,Jaintia Hills,2010-04-22,0.9866666666666667,0.990252056895289
20523,Meghalaya,Jaintia Hills,2010-04-22,0.9866666666666667,0.990252056895289
20517,Meghalaya,Jaintia Hills,2010-04-22,0.9966666666666667,0.9981467904205624
20518,Meghalaya,Jaintia Hills,2010-04-22,0.97,0.9981467904205624
20519,Meghalaya,Jaintia Hills,2010-04-22,0.9466666666666667,0.9981467904205624
20520,Meghalaya,Jaintia Hills,2010-04-22,0.9833333333333333,0.9927983279096609
20525,Meghalaya,Jaintia Hills,2012-06-26,0.7566666666666667,0.965703690259915
20526,Meghalaya,Jaintia Hills,2012-06-26,0.7966666666666666,0.965703690259915
20527,Meghalaya,Jaintia Hills,2012-06-26,0.8566666666666667,0.9660491523762441
20528,Meghalaya,Jaintia Hills,2012-06-26,0.8566666666666667,0.9660491523762441
20529,Meghalaya,Jaintia Hills,2012-06-26,0.9666666666666667,0.9660491523762441
20530,Meghalaya,Jaintia Hills,2012-06-26,0.9166666666666666,0.9660491523762441
20531,Meghalaya,Jaintia Hills,2012-06-26,0.8033333333333333,0.9645765901737756
20532,Meghalaya,Jaintia Hills,2012-06-26,0.9766666666666667,0.9645765901737756
20533,Meghalaya,Jaintia Hills,2012-06-26,0.8166666666666667,0.9645765901737756
20553,Meghalaya,West Jaintia Hills,2020-05-26,0.85,0.9221501677866992
20554,Meghalaya,West Jaintia Hills,2020-05-26,0.9566666666666667,0.9221501677866992
20557,Meghalaya,West Jaintia Hills,2020-05-26,0.9233333333333333,0.9221501677866992
20559,Meghalaya,West Jaintia Hills,2020-05-26,0.9366666666666666,0.9221501677866992
20490,Meghalaya,West Jaintia Hills,2020-05-26,0.93,0.8664939575079453
20487,Meghalaya,West Jaintia Hills,2020-05-26,0.87,0.9351826216788959
20558,Meghalaya,West Jaintia Hills,2020-05-26,0.86,0.9351826216788959
20560,Meghalaya,West Jaintia Hills,2020-05-26,0.9733333333333334,0.9221501677866992
20575,Meghalaya,South Garo Hills,2022-06-17,0.67,0.9999362570701346
20579,Meghalaya,South Garo Hills,2022-06-17,0.8033333333333333,0.9959199529879167
20580,Meghalaya,South Garo Hills,2022-06-17,0.82,0.9959199529879167
20577,Meghalaya,South Garo Hills,2022-06-17,0.9566666666666667,0.9911131080997767
19995,Meghalaya,East Jaintia Hills,2024-05-28,0.8266666666666667,0.4817734727807854
20607,Meghalaya,East Khasi Hills,2024-05-28,1.0,0.7591435495015776
20605,Meghalaya,East Khasi Hills,2024-05-28,0.9666666666666667,0.768109938831411
20606,Meghalaya,East Khasi Hills,2024-05-28,0.9733333333333334,0.7288722095861608
20600,Meghalaya,East Khasi Hills,2024-05-28,0.9266666666666666,0.8358510255154319
20601,Meghalaya,East Khasi Hills,2024-05-28,0.9,0.8358510255154319
20599,Meghalaya,East Khasi Hills,2024-05-28,0.99,0.8358510255154319
20644,Meghalaya,Eastern-West Khasi Hill,2024-05-28,0.9966666666666667,0.806428903982314
20645,Meghalaya,Eastern-West Khasi Hill,2024-05-28,1.0,0.806428903982314
20594,Meghalaya,South West Khasi Hills,2024-05-28,0.7533333333333333,0.7342970842267481
20596,Meghalaya,South West Khasi Hills,2024-05-28,0.85,0.8130207447043957
20593,Meghalaya,Eastern-West Khasi Hill,2024-06-28,0.9866666666666667,0.5199729224860155
20625,Meghalaya,Ri-Bhoi,2024-06-30,0.9733333333333334,0.9117962461098756
20616,Meghalaya,Ri-Bhoi,2024-06-30,0.9933333333333333,0.928788442478755
20624,Meghalaya,Ri-Bhoi,2024-06-30,0.9233333333333333,0.9117962461098756
20619,Meghalaya,Ri-Bhoi,2024-06-30,1.0,0.928788442478755
20603,Meghalaya,East Khasi Hills,2024-07-02,1.0,0.9745237374177923
20604,Meghalaya,East Khasi Hills,2024-07-02,1.0,0.9745237374177923
20602,Meghalaya,East Khasi Hills,2024-07-02,0.9766666666666667,0.9745237374177923
20597,Meghalaya,West Khasi Hills,2024-07-02,0.9966666666666667,0.9689137889046777
20630,Meghalaya,West Khasi Hills,2024-07-02,0.89,0.9091195578501666
20632,Meghalaya,West Khasi Hills,2024-07-02,0.9866666666666667,0.9091195578501666
20598,Meghalaya,West Khasi Hills,2024-07-02,0.99,0.9770380836925604
20631,Meghalaya,West Khasi Hills,2024-07-02,0.9666666666666667,0.9091195578501666
20633,Meghalaya,Eastern-West Khasi Hill,2025-05-29,0.8333333333333334,0.5862798131583219
20618,Meghalaya,East Khasi Hills,2025-05-30,0.9633333333333334,0.72198008902674
20499,Meghalaya,East Khasi Hills,2025-05-30,1.0,0.8553221272194583
20501,Meghalaya,East Khasi Hills,2025-05-30,0.9966666666666667,0.8553221272194583
20502,Meghalaya,East Khasi Hills,2025-05-30,0.92,0.8553221272194583
20503,Meghalaya,East Khasi Hills,2025-05-30,0.88,0.8553221272194583
20500,Meghalaya,East Khasi Hills,2025-05-30,1.0,0.8553221272194583
20609,Meghalaya,Eastern-West Khasi Hill,2025-05-30,0.8966666666666666,0.8074293449219129
20610,Meghalaya,Eastern-West Khasi Hill,2025-05-30,0.9366666666666666,0.8074293449219129
20611,Meghalaya,Eastern-West Khasi Hill,2025-05-30,0.9766666666666667,0.8074293449219129
20634,Meghalaya,Eastern-West Khasi Hill,2025-05-30,0.9966666666666667,0.8074293449219129
20639,Meghalaya,Eastern-West Khasi Hill,2025-05-30,1.0,0.8074293449219129
20640,Meghalaya,Eastern-West Khasi Hill,2025-05-30,0.9966666666666667,0.8074293449219129
20615,Meghalaya,Ri-Bhoi,2025-05-30,0.9966666666666667,0.8271395948606112
20626,Meghalaya,Ri-Bhoi,2025-05-30,0.9733333333333334,0.7952423514580106
20627,Meghalaya,Ri-Bhoi,2025-05-30,0.9633333333333334,0.7952423514580106
20614,Meghalaya,Ri-Bhoi,2025-05-30,0.95,0.8271395948606112
20620,Meghalaya,Ri-Bhoi,2025-05-30,1.0,0.8633194422896965
20622,Meghalaya,South West Khasi Hills,2025-05-30,0.9466666666666667,0.7885557103800394
20608,Meghalaya,South West Khasi Hills,2025-05-30,1.0,0.8074293449219129
20623,Meghalaya,South West Khasi Hills,2025-05-30,0.88,0.7885557103800394
20617,Meghalaya,East Khasi Hills,2025-05-31,0.98,0.9062052376649432
20653,Meghalaya,Eastern-West Khasi Hill,2025-05-31,0.9833333333333333,0.8151995844798869
20654,Meghalaya,Eastern-West Khasi Hill,2025-05-31,1.0,0.8151995844798869
23976,Mizoram,Aizawl,2011-05-22,0.9966666666666667,0.2876872320844752
22921,Mizoram,Aizawl,2018-06-22,1.0,0.3089349645501084
23950,Mizoram,Aizawl,2025-06-15,0.87,0.7656566385813808
23957,Mizoram,Aizawl,2025-06-15,1.0,0.7656566385813808
22970,Mizoram,Aizawl,2013-08-15,0.99,0.4636925049289271
22994,Mizoram,Aizawl,2022-10-02,0.9966666666666667,0.2863500729943346
23010,Mizoram,Aizawl,2023-06-09,0.9766666666666667,0.852468296027107
23014,Mizoram,Aizawl,2023-08-06,0.96,0.8653159602074508
23016,Mizoram,Aizawl,2023-08-06,0.9966666666666667,0.8653159602074508
23019,Mizoram,Aizawl,2023-08-03,1.0,0.4565765031516609
23020,Mizoram,Aizawl,2023-06-02,0.99,0.1824770224841149
23021,Mizoram,Aizawl,2023-08-09,0.9966666666666667,0.7856265407175612
22948,Mizoram,Aizawl,2023-06-09,0.99,0.852468296027107
22949,Mizoram,Aizawl,2023-08-13,0.99,0.3427305556652852
22953,Mizoram,Aizawl,2023-07-24,0.9766666666666667,0.6388435098254959
23095,Mizoram,Aizawl,2024-07-22,0.99,0.4783928349416871
23109,Mizoram,Aizawl,2024-08-21,0.8633333333333333,0.9829671601197126
23117,Mizoram,Aizawl,2024-08-21,0.97,0.9829671601197126
23118,Mizoram,Aizawl,2024-07-20,0.99,0.4147291868757849
23129,Mizoram,Aizawl,2024-09-20,0.9966666666666667,0.14338178643517352
23130,Mizoram,Aizawl,2024-06-20,1.0,0.25697259451732296
23172,Mizoram,Aizawl,2024-08-25,0.82,0.6033014340388547
23210,Mizoram,Aizawl,2023-09-23,0.9933333333333333,0.264443366457696
23215,Mizoram,Aizawl,2024-08-28,0.93,0.5020887753909218
23222,Mizoram,Aizawl,2024-05-26,0.9966666666666667,0.5122170762294947
23251,Mizoram,Aizawl,2024-08-25,0.9933333333333333,0.6302830210793664
23252,Mizoram,Aizawl,2024-07-19,0.9966666666666667,0.20944246256662627
23265,Mizoram,Aizawl,2024-05-29,0.9633333333333334,0.9199378223709469
23334,Mizoram,Aizawl,2023-08-12,0.87,0.37015786371981196
23348,Mizoram,Aizawl,2024-09-20,0.9666666666666667,0.1500203342790133
23350,Mizoram,Aizawl,2024-06-02,0.9733333333333334,0.2722449367674842
23430,Mizoram,Aizawl,2024-11-12,0.84,0.09945749141275677
23472,Mizoram,Aizawl,2024-08-28,0.86,0.45276835714352004
23489,Mizoram,Aizawl,2024-07-18,0.71,0.27799767023180133
23494,Mizoram,Aizawl,2024-06-07,0.9933333333333333,0.4362131046820945
23495,Mizoram,Aizawl,2024-08-28,0.8033333333333333,0.39157435423576115
23509,Mizoram,Aizawl,2023-07-23,0.9933333333333333,0.5119592477579517
23535,Mizoram,Aizawl,2024-10-07,0.7166666666666667,0.17769668269672526
23536,Mizoram,Aizawl,2024-10-07,0.6533333333333333,0.2660119350685811
23597,Mizoram,Aizawl,2024-10-28,0.6566666666666666,0.11082924960769192
23598,Mizoram,Aizawl,2024-11-28,0.7333333333333333,0.09852624802315037
23599,Mizoram,Aizawl,2024-11-28,0.69,0.09852624802315037
23623,Mizoram,Aizawl,2024-09-13,0.7533333333333333,0.21329367084780002
23681,Mizoram,Aizawl,2024-07-19,0.7833333333333333,0.17521965642414644
23986,Mizoram,Aizawl,2025-01-02,0.8366666666666667,0.09862221024287493
23995,Mizoram,Aizawl,2024-08-25,0.9966666666666667,0.6035727618327869
22177,Mizoram,Aizawl,2007-09-08,0.9866666666666667,0.9942207079518427
22755,Mizoram,Aizawl,2023-10-02,1.0,0.40477601617083603
23012,Mizoram,Aizawl,2023-07-25,1.0,0.2855894931829088
23013,Mizoram,Aizawl,2023-07-06,0.92,0.7166845683344061
23018,Mizoram,Aizawl,2023-08-02,1.0,0.4677864610691471
23530,Mizoram,Aizawl,2024-08-17,0.9966666666666667,0.6151982943924648
23534,Mizoram,Aizawl,2024-10-07,0.7733333333333333,0.17769668269672526
23539,Mizoram,Aizawl,2024-10-07,0.9133333333333333,0.3316359868892288
23979,Mizoram,Aizawl,2016-09-17,1.0,0.7623144256275407
22919,Mizoram,Aizawl,2022-07-23,1.0,0.3913780434219184
23011,Mizoram,Aizawl,2023-08-08,0.9466666666666667,0.8645221973027213
23015,Mizoram,Aizawl,2023-08-06,0.9766666666666667,0.8653159602074508
23017,Mizoram,Aizawl,2023-07-28,0.9766666666666667,0.22482748872748387
23023,Mizoram,Aizawl,2023-10-25,0.9633333333333334,0.27599946934236685
23105,Mizoram,Aizawl,2024-09-26,1.0,0.39678338075510605
23723,Mizoram,Aizawl,2025-05-24,0.9966666666666667,0.16845433113817082
23715,Mizoram,Aizawl,2025-05-13,0.99,0.15197402682234604
22157,Mizoram,Aizawl,2007-09-08,0.9666666666666667,0.9942207079518427
23971,Mizoram,Aizawl,2023-06-04,0.9966666666666667,0.15858212675732236
22917,Mizoram,Aizawl,2022-04-05,0.9933333333333333,0.10839556429850347
23970,Mizoram,Aizawl,2022-07-26,1.0,0.3563289088877936
22907,Mizoram,Hnahthial,2022-11-14,0.92,0.09675274017766779
23944,Mizoram,Khawzawl,2025-06-12,0.9866666666666667,0.46258759074630346
23024,Mizoram,Kolasib,2023-09-17,0.9966666666666667,0.31092812008965176
23026,Mizoram,Kolasib,2023-08-12,0.7,0.4190807554295076
23028,Mizoram,Kolasib,2023-09-12,0.63,0.3522854027869567
23030,Mizoram,Kolasib,2023-09-12,0.7,0.3522854027869567
23031,Mizoram,Kolasib,2023-09-17,0.6866666666666666,0.5813855554608331
23566,Mizoram,Kolasib,2024-08-18,0.68,0.803137849181502
23573,Mizoram,Kolasib,2024-08-18,0.6433333333333333,0.8143016914762637
23575,Mizoram,Kolasib,2024-08-18,0.6966666666666667,0.8143016914762637
23578,Mizoram,Kolasib,2024-08-18,0.69,0.7747712004502614
23622,Mizoram,Kolasib,2024-09-13,0.89,0.3056796874643821
23637,Mizoram,Kolasib,2024-08-24,0.71,0.3353800267630758
23657,Mizoram,Kolasib,2024-08-15,0.7166666666666667,0.38009727065706694
23660,Mizoram,Kolasib,2024-08-15,0.7566666666666667,0.38009727065706694
23686,Mizoram,Kolasib,2024-06-07,0.7366666666666667,0.32795981594894547
23702,Mizoram,Kolasib,2024-06-12,0.6533333333333333,0.215570818079046
23704,Mizoram,Kolasib,2024-10-22,0.5766666666666667,0.17274481434215724
23706,Mizoram,Kolasib,2024-06-12,0.6933333333333334,0.1943760080428599
23709,Mizoram,Kolasib,2024-06-12,0.7633333333333333,0.1943760080428599
23027,Mizoram,Kolasib,2023-09-12,0.6566666666666666,0.3522854027869567
23564,Mizoram,Kolasib,2024-08-08,0.6633333333333333,0.6401306057124212
23567,Mizoram,Kolasib,2024-10-21,0.8333333333333334,0.16323826048146503
23568,Mizoram,Kolasib,2024-10-21,0.8433333333333334,0.1509124188471281
23577,Mizoram,Kolasib,2024-08-19,0.72,0.7193647010185298
23612,Mizoram,Kolasib,2024-10-22,0.8066666666666666,0.12949469787493806
23025,Mizoram,Kolasib,2023-09-17,0.9933333333333333,0.31092812008965176
23032,Mizoram,Kolasib,2023-07-23,0.68,0.2891287382048058
23037,Mizoram,Kolasib,2023-09-27,0.9933333333333333,0.2597870027414453
23038,Mizoram,Kolasib,2023-09-27,0.99,0.25304275024269096
23629,Mizoram,Kolasib,2024-09-17,0.62,0.2144102863410335
24003,Mizoram,Lunglei,2025-05-24,0.9833333333333333,0.14594127127207623
24005,Mizoram,Lunglei,2025-06-06,0.97,0.6073663888840442
23948,Mizoram,Saitual,2025-06-15,0.96,0.7269621253966518
23830,Mizoram,Serchhip,2025-06-08,1.0,0.5905082534586289
23088,Mizoram,Aizawl,2024-05-28,1.0,0.9734359608541843
23096,Mizoram,Aizawl,2024-05-28,1.0,0.9918692008260389
23097,Mizoram,Aizawl,2024-05-28,0.9966666666666667,0.9918692008260389
23098,Mizoram,Aizawl,2024-05-28,0.9933333333333333,0.9918692008260389
23115,Mizoram,Aizawl,2024-05-28,0.9866666666666667,0.9955031009444446
23121,Mizoram,Aizawl,2024-05-28,0.95,0.987544517719389
23132,Mizoram,Aizawl,2024-05-28,0.89,0.9918692008260389
23133,Mizoram,Aizawl,2024-05-28,0.9,0.987544517719389
23145,Mizoram,Aizawl,2024-05-28,0.8333333333333334,0.987544517719389
23146,Mizoram,Aizawl,2024-05-28,0.9533333333333334,0.987544517719389
23147,Mizoram,Aizawl,2024-05-28,0.9433333333333334,0.987544517719389
23148,Mizoram,Aizawl,2024-05-28,0.99,0.987544517719389
23149,Mizoram,Aizawl,2024-05-28,0.9366666666666666,0.987544517719389
23150,Mizoram,Aizawl,2024-05-28,0.9933333333333333,0.987544517719389
23152,Mizoram,Aizawl,2024-05-28,0.9966666666666667,0.987544517719389
23153,Mizoram,Aizawl,2024-05-28,0.99,0.987544517719389
23154,Mizoram,Aizawl,2024-05-28,1.0,0.987544517719389
23155,Mizoram,Aizawl,2024-05-28,0.97,0.987544517719389
23160,Mizoram,Aizawl,2024-05-28,0.9666666666666667,0.987544517719389
23161,Mizoram,Aizawl,2024-05-28,0.9833333333333333,0.987544517719389
23163,Mizoram,Aizawl,2024-05-28,0.9866666666666667,0.987544517719389
23167,Mizoram,Aizawl,2024-05-28,0.97,0.987544517719389
23170,Mizoram,Aizawl,2024-05-28,0.9533333333333334,0.987544517719389
23171,Mizoram,Aizawl,2024-05-28,0.9233333333333333,0.987544517719389
23177,Mizoram,Aizawl,2024-05-28,0.75,0.9773837575599738
23184,Mizoram,Aizawl,2024-05-28,1.0,0.9734359608541843
23188,Mizoram,Aizawl,2024-05-28,0.9566666666666667,0.9734359608541843
23192,Mizoram,Aizawl,2024-05-28,0.9866666666666667,0.9734359608541843
23193,Mizoram,Aizawl,2024-05-28,0.9866666666666667,0.9734359608541843
23207,Mizoram,Aizawl,2024-05-28,0.98,0.987544517719389
23208,Mizoram,Aizawl,2024-05-28,0.9833333333333333,0.987544517719389
23209,Mizoram,Aizawl,2024-05-28,0.9933333333333333,0.987544517719389
23211,Mizoram,Aizawl,2024-05-28,0.9533333333333334,0.987544517719389
23214,Mizoram,Aizawl,2024-05-28,0.96,0.987544517719389
23216,Mizoram,Aizawl,2024-05-28,0.7733333333333333,0.987544517719389
23229,Mizoram,Aizawl,2024-05-28,0.99,0.9773837575599738
23230,Mizoram,Aizawl,2024-05-28,0.9966666666666667,0.9773837575599738
23246,Mizoram,Aizawl,2024-05-28,1.0,0.9773837575599738
23247,Mizoram,Aizawl,2024-05-28,0.9666666666666667,0.9773837575599738
23248,Mizoram,Aizawl,2024-05-28,0.9933333333333333,0.9773837575599738
23249,Mizoram,Aizawl,2024-05-28,0.8233333333333334,0.9773837575599738
23250,Mizoram,Aizawl,2024-05-28,0.95,0.9773837575599738
23253,Mizoram,Aizawl,2024-05-28,0.9933333333333333,0.9773837575599738
23264,Mizoram,Aizawl,2024-05-28,0.9933333333333333,0.9773837575599738
23272,Mizoram,Aizawl,2024-05-28,0.9966666666666667,0.9773837575599738
23277,Mizoram,Aizawl,2024-05-28,0.9866666666666667,0.9773837575599738
23278,Mizoram,Aizawl,2024-05-28,0.9966666666666667,0.9773837575599738
23279,Mizoram,Aizawl,2024-05-28,0.9766666666666667,0.9773837575599738
23283,Mizoram,Aizawl,2024-05-28,0.9933333333333333,0.9859590192016856
23284,Mizoram,Aizawl,2024-05-28,0.9,0.9859590192016856
23289,Mizoram,Aizawl,2024-05-28,1.0,0.9859590192016856
23290,Mizoram,Aizawl,2024-05-28,1.0,0.9859590192016856
23291,Mizoram,Aizawl,2024-05-28,1.0,0.9859590192016856
23294,Mizoram,Aizawl,2024-05-28,0.9866666666666667,0.9773837575599738
23297,Mizoram,Aizawl,2024-05-28,1.0,0.9859590192016856
23299,Mizoram,Aizawl,2024-05-28,1.0,0.9859590192016856
23301,Mizoram,Aizawl,2024-05-28,0.99,0.9859590192016856
23303,Mizoram,Aizawl,2024-05-28,0.9966666666666667,0.9859590192016856
23306,Mizoram,Aizawl,2024-05-28,0.9966666666666667,0.9773837575599738
23316,Mizoram,Aizawl,2024-05-28,0.93,0.9773837575599738
23321,Mizoram,Aizawl,2024-05-28,0.9333333333333333,0.9859590192016856
23322,Mizoram,Aizawl,2024-05-28,0.9733333333333334,0.9859590192016856
23327,Mizoram,Aizawl,2024-05-28,0.9233333333333333,0.9859590192016856
23331,Mizoram,Aizawl,2024-05-28,1.0,0.9859590192016856
23333,Mizoram,Aizawl,2024-05-28,0.9366666666666666,0.9859590192016856
23336,Mizoram,Aizawl,2024-05-28,0.9966666666666667,0.9859590192016856
23338,Mizoram,Aizawl,2024-05-28,0.8966666666666666,0.9859590192016856
23345,Mizoram,Aizawl,2024-05-28,0.96,0.9859590192016856
23346,Mizoram,Aizawl,2024-05-28,0.9766666666666667,0.9859590192016856
23351,Mizoram,Aizawl,2024-05-28,0.83,0.9836474636250032
23360,Mizoram,Aizawl,2024-05-28,0.7433333333333333,0.9836474636250032
23362,Mizoram,Aizawl,2024-05-28,0.7433333333333333,0.9836474636250032
23365,Mizoram,Aizawl,2024-05-28,0.8633333333333333,0.9806924488257702
23367,Mizoram,Aizawl,2024-05-28,0.95,0.9806924488257702
23373,Mizoram,Aizawl,2024-05-28,0.9833333333333333,0.9806924488257702
23388,Mizoram,Aizawl,2024-05-28,0.98,0.9863555365331987
23396,Mizoram,Aizawl,2024-05-28,0.9433333333333334,0.9863555365331987
23397,Mizoram,Aizawl,2024-05-28,0.99,0.9863555365331987
23401,Mizoram,Aizawl,2024-05-28,1.0,0.9863555365331987
23410,Mizoram,Aizawl,2024-05-28,0.9966666666666667,0.9806924488257702
23414,Mizoram,Aizawl,2024-05-28,0.9666666666666667,0.9806924488257702
23420,Mizoram,Aizawl,2024-05-28,0.94,0.9806924488257702
23421,Mizoram,Aizawl,2024-05-28,0.9733333333333334,0.9806924488257702
23427,Mizoram,Aizawl,2024-05-28,0.9933333333333333,0.9806924488257702
23431,Mizoram,Aizawl,2024-05-28,1.0,0.9734359608541843
23432,Mizoram,Aizawl,2024-05-28,0.9833333333333333,0.9734359608541843
23436,Mizoram,Aizawl,2024-05-28,0.9966666666666667,0.9734359608541843
23438,Mizoram,Aizawl,2024-05-28,0.9833333333333333,0.9734359608541843
23439,Mizoram,Aizawl,2024-05-28,0.99,0.9859048558447968
23442,Mizoram,Aizawl,2024-05-28,0.9866666666666667,0.9859048558447968
23443,Mizoram,Aizawl,2024-05-28,0.9866666666666667,0.9859048558447968
23446,Mizoram,Aizawl,2024-05-28,0.97,0.9859048558447968
23447,Mizoram,Aizawl,2024-05-28,1.0,0.9859048558447968
23459,Mizoram,Aizawl,2024-05-28,1.0,0.9859048558447968
23461,Mizoram,Aizawl,2024-05-28,0.8666666666666667,0.9859048558447968
23465,Mizoram,Aizawl,2024-05-28,0.9966666666666667,0.9918692008260389
23468,Mizoram,Aizawl,2024-05-28,0.99,0.9918692008260389
23481,Mizoram,Aizawl,2024-05-28,0.9633333333333334,0.9918692008260389
23498,Mizoram,Aizawl,2024-05-28,0.98,0.9859048558447968
23507,Mizoram,Aizawl,2024-05-28,0.9866666666666667,0.9859048558447968
23508,Mizoram,Aizawl,2024-05-28,0.9966666666666667,0.9859048558447968
23512,Mizoram,Aizawl,2024-05-28,1.0,0.9859048558447968
23517,Mizoram,Aizawl,2024-05-28,0.9966666666666667,0.9908260825163078
23521,Mizoram,Aizawl,2024-05-28,0.8033333333333333,0.9908260825163078
23582,Mizoram,Aizawl,2024-05-28,0.9866666666666667,0.8875432877910538
23588,Mizoram,Aizawl,2024-05-28,0.8466666666666667,0.8885670193221602
23596,Mizoram,Aizawl,2024-05-28,0.7333333333333333,0.8875432877910538
23728,Mizoram,Aizawl,2024-05-28,1.0,0.9806924488257702
22811,Mizoram,Aizawl,2024-05-28,0.98,0.9918692008260389
22701,Mizoram,Aizawl,2024-05-28,0.9966666666666667,0.9955031009444446
22702,Mizoram,Aizawl,2024-05-28,0.9866666666666667,0.9955031009444446
22704,Mizoram,Aizawl,2024-05-28,0.9866666666666667,0.9955031009444446
22764,Mizoram,Aizawl,2024-05-28,0.99,0.987544517719389
22707,Mizoram,Aizawl,2024-05-28,1.0,0.9955031009444446
22709,Mizoram,Aizawl,2024-05-28,1.0,0.9955031009444446
22710,Mizoram,Aizawl,2024-05-28,1.0,0.9955031009444446
22714,Mizoram,Aizawl,2024-05-28,1.0,0.9955031009444446
22715,Mizoram,Aizawl,2024-05-28,0.7566666666666667,0.9955031009444446
22716,Mizoram,Aizawl,2024-05-28,1.0,0.9918692008260389
22717,Mizoram,Aizawl,2024-05-28,0.9866666666666667,0.9918692008260389
22718,Mizoram,Aizawl,2024-05-28,0.9866666666666667,0.9918692008260389
22720,Mizoram,Aizawl,2024-05-28,0.99,0.9955031009444446
22721,Mizoram,Aizawl,2024-05-28,0.9966666666666667,0.9918692008260389
22722,Mizoram,Aizawl,2024-05-28,1.0,0.9918692008260389
22723,Mizoram,Aizawl,2024-05-28,0.9966666666666667,0.9918692008260389
22724,Mizoram,Aizawl,2024-05-28,0.9933333333333333,0.9918692008260389
22725,Mizoram,Aizawl,2024-05-28,1.0,0.9918692008260389
22726,Mizoram,Aizawl,2024-05-28,1.0,0.9918692008260389
22730,Mizoram,Aizawl,2024-05-28,1.0,0.9918692008260389
22731,Mizoram,Aizawl,2024-05-28,1.0,0.9918692008260389
22732,Mizoram,Aizawl,2024-05-28,1.0,0.9918692008260389
22733,Mizoram,Aizawl,2024-05-28,0.9966666666666667,0.9918692008260389
22737,Mizoram,Aizawl,2024-05-28,0.9866666666666667,0.9918692008260389
22738,Mizoram,Aizawl,2024-05-28,0.8766666666666667,0.9918692008260389
22741,Mizoram,Aizawl,2024-05-28,0.92,0.9918692008260389
22742,Mizoram,Aizawl,2024-05-28,0.99,0.9918692008260389
22743,Mizoram,Aizawl,2024-05-28,1.0,0.9918692008260389
22745,Mizoram,Aizawl,2024-05-28,0.94,0.9918692008260389
22747,Mizoram,Aizawl,2024-05-28,1.0,0.9918692008260389
22748,Mizoram,Aizawl,2024-05-28,0.9733333333333334,0.9918692008260389
22750,Mizoram,Aizawl,2024-05-28,0.9666666666666667,0.9918692008260389
22751,Mizoram,Aizawl,2024-05-28,1.0,0.987544517719389
22756,Mizoram,Aizawl,2024-05-28,0.9566666666666667,0.987544517719389
22757,Mizoram,Aizawl,2024-05-28,0.99,0.987544517719389
22758,Mizoram,Aizawl,2024-05-28,0.9533333333333334,0.987544517719389
22759,Mizoram,Aizawl,2024-05-28,0.9966666666666667,0.987544517719389
22760,Mizoram,Aizawl,2024-05-28,0.93,0.987544517719389
22761,Mizoram,Aizawl,2024-05-28,0.9466666666666667,0.987544517719389
22762,Mizoram,Aizawl,2024-05-28,0.9866666666666667,0.987544517719389
22763,Mizoram,Aizawl,2024-05-28,1.0,0.987544517719389
22765,Mizoram,Aizawl,2024-05-28,0.98,0.987544517719389
22766,Mizoram,Aizawl,2024-05-28,0.9666666666666667,0.987544517719389
22767,Mizoram,Aizawl,2024-05-28,0.98,0.987544517719389
22768,Mizoram,Aizawl,2024-05-28,0.9833333333333333,0.987544517719389
22771,Mizoram,Aizawl,2024-05-28,0.9966666666666667,0.987544517719389
22772,Mizoram,Aizawl,2024-05-28,1.0,0.987544517719389
22773,Mizoram,Aizawl,2024-05-28,0.9866666666666667,0.987544517719389
22774,Mizoram,Aizawl,2024-05-28,1.0,0.987544517719389
22775,Mizoram,Aizawl,2024-05-28,0.9866666666666667,0.987544517719389
22776,Mizoram,Aizawl,2024-05-28,1.0,0.987544517719389
22779,Mizoram,Aizawl,2024-05-28,1.0,0.9918692008260389
22782,Mizoram,Aizawl,2024-05-28,0.99,0.987544517719389
22783,Mizoram,Aizawl,2024-05-28,0.9933333333333333,0.987544517719389
22788,Mizoram,Aizawl,2024-05-28,0.9733333333333334,0.987544517719389
22790,Mizoram,Aizawl,2024-05-28,1.0,0.987544517719389
22791,Mizoram,Aizawl,2024-05-28,0.9966666666666667,0.987544517719389
22793,Mizoram,Aizawl,2024-05-28,0.9766666666666667,0.9806924488257702
22799,Mizoram,Aizawl,2024-05-28,0.9866666666666667,0.9859590192016856
22800,Mizoram,Aizawl,2024-05-28,0.9933333333333333,0.9859590192016856
22801,Mizoram,Aizawl,2024-05-28,0.9933333333333333,0.9773837575599738
22803,Mizoram,Aizawl,2024-05-28,0.96,0.9773837575599738
22804,Mizoram,Aizawl,2024-05-28,0.9966666666666667,0.9773837575599738
22805,Mizoram,Aizawl,2024-05-28,0.9866666666666667,0.9773837575599738
22806,Mizoram,Aizawl,2024-05-28,0.9333333333333333,0.9773837575599738
22807,Mizoram,Aizawl,2024-05-28,0.9966666666666667,0.9773837575599738
22808,Mizoram,Aizawl,2024-05-28,0.9966666666666667,0.9773837575599738
22809,Mizoram,Aizawl,2024-05-28,0.9733333333333334,0.9773837575599738
22810,Mizoram,Aizawl,2024-05-28,0.97,0.9773837575599738
22814,Mizoram,Aizawl,2024-05-28,0.99,0.9918692008260389
22815,Mizoram,Aizawl,2024-05-28,0.9966666666666667,0.987544517719389
22816,Mizoram,Aizawl,2024-05-28,0.8233333333333334,0.987544517719389
22817,Mizoram,Aizawl,2024-05-28,1.0,0.9773837575599738
22818,Mizoram,Aizawl,2024-05-28,0.9966666666666667,0.9773837575599738
22819,Mizoram,Aizawl,2024-05-28,0.9966666666666667,0.9773837575599738
22821,Mizoram,Aizawl,2024-05-28,0.9533333333333334,0.9773837575599738
22822,Mizoram,Aizawl,2024-05-28,0.9666666666666667,0.9773837575599738
22823,Mizoram,Aizawl,2024-05-28,0.9933333333333333,0.9773837575599738
22824,Mizoram,Aizawl,2024-05-28,0.9966666666666667,0.9773837575599738
22825,Mizoram,Aizawl,2024-05-28,0.98,0.9773837575599738
22826,Mizoram,Aizawl,2024-05-28,0.97,0.987544517719389
22827,Mizoram,Aizawl,2024-05-28,0.9766666666666667,0.987544517719389
22829,Mizoram,Aizawl,2024-05-28,0.9933333333333333,0.9940412182542167
22831,Mizoram,Aizawl,2024-05-28,0.9933333333333333,0.9940412182542167
22833,Mizoram,Aizawl,2024-05-28,0.97,0.987544517719389
22834,Mizoram,Aizawl,2024-05-28,0.9233333333333333,0.987544517719389
22794,Mizoram,Aizawl,2024-05-28,0.9266666666666666,0.9806924488257702
22797,Mizoram,Aizawl,2024-05-28,0.97,0.9806924488257702
22798,Mizoram,Aizawl,2024-05-28,0.97,0.9806924488257702
22812,Mizoram,Aizawl,2024-05-28,0.97,0.9918692008260389
22813,Mizoram,Aizawl,2024-05-28,0.9366666666666666,0.9918692008260389
22849,Mizoram,Aizawl,2024-05-28,1.0,0.9859048558447968
22850,Mizoram,Aizawl,2024-05-28,0.98,0.9908260825163078
22836,Mizoram,Aizawl,2024-05-28,0.9866666666666667,0.9918692008260389
22837,Mizoram,Aizawl,2024-05-28,0.9966666666666667,0.9918692008260389
22838,Mizoram,Aizawl,2024-05-28,0.9633333333333334,0.9918692008260389
22839,Mizoram,Aizawl,2024-05-28,0.98,0.9918692008260389
22840,Mizoram,Aizawl,2024-05-28,0.92,0.9918692008260389
22844,Mizoram,Aizawl,2024-05-28,0.9266666666666666,0.9918692008260389
22848,Mizoram,Aizawl,2024-05-28,0.9733333333333334,0.9859048558447968
23103,Mizoram,Aizawl,2024-05-28,0.9933333333333333,0.9918692008260389
23178,Mizoram,Aizawl,2024-05-28,0.98,0.9716112964584257
23189,Mizoram,Aizawl,2024-05-28,0.9333333333333333,0.9734359608541843
23231,Mizoram,Aizawl,2024-05-28,0.9766666666666667,0.9773837575599738
23505,Mizoram,Aizawl,2024-05-28,1.0,0.9859048558447968
22728,Mizoram,Aizawl,2024-05-28,1.0,0.9918692008260389
22703,Mizoram,Aizawl,2024-05-28,0.95,0.9955031009444446
22711,Mizoram,Aizawl,2024-05-28,1.0,0.9955031009444446
22712,Mizoram,Aizawl,2024-05-28,0.9966666666666667,0.9955031009444446
22727,Mizoram,Aizawl,2024-05-28,1.0,0.9918692008260389
22729,Mizoram,Aizawl,2024-05-28,0.9966666666666667,0.9918692008260389
22736,Mizoram,Aizawl,2024-05-28,1.0,0.9918692008260389
22749,Mizoram,Aizawl,2024-05-28,1.0,0.9918692008260389
22754,Mizoram,Aizawl,2024-05-28,0.9933333333333333,0.987544517719389
22802,Mizoram,Aizawl,2024-05-28,0.9633333333333334,0.9773837575599738
23712,Mizoram,Aizawl,2024-05-28,0.9233333333333333,0.9773837575599738
22820,Mizoram,Aizawl,2024-05-28,0.94,0.9773837575599738
22830,Mizoram,Aizawl,2024-05-28,0.9966666666666667,0.9940412182542167
22832,Mizoram,Aizawl,2024-05-28,0.9533333333333334,0.9940412182542167
22795,Mizoram,Aizawl,2024-05-28,0.9266666666666666,0.9806924488257702
22851,Mizoram,Aizawl,2024-05-28,1.0,0.9908260825163078
22841,Mizoram,Aizawl,2024-05-28,0.9966666666666667,0.9918692008260389
22842,Mizoram,Aizawl,2024-05-28,1.0,0.9918692008260389
22843,Mizoram,Aizawl,2024-05-28,0.9966666666666667,0.9918692008260389
22845,Mizoram,Aizawl,2024-05-28,0.97,0.9918692008260389
23254,Mizoram,Aizawl,2024-05-28,0.9733333333333334,0.9773837575599738
23285,Mizoram,Aizawl,2024-05-28,1.0,0.9859590192016856
23300,Mizoram,Aizawl,2024-05-28,0.9966666666666667,0.9859590192016856
22769,Mizoram,Aizawl,2024-05-28,0.9633333333333334,0.987544517719389
22770,Mizoram,Aizawl,2024-05-28,0.97,0.987544517719389
22778,Mizoram,Aizawl,2024-05-28,0.9533333333333334,0.9918692008260389
22828,Mizoram,Aizawl,2024-05-28,0.9733333333333334,0.987544517719389
22846,Mizoram,Aizawl,2024-05-28,0.9966666666666667,0.9859048558447968
22835,Mizoram,Aizawl,2024-05-28,0.98,0.9918692008260389
23707,Mizoram,Kolasib,2024-05-28,0.6566666666666666,0.9452491171851551
23710,Mizoram,Kolasib,2024-05-28,0.69,0.9559618844211479
23692,Mizoram,Kolasib,2024-05-28,0.77,0.9667695669447185
22852,Mizoram,Serchhip,2024-05-28,0.9966666666666667,0.9785643106493798
22853,Mizoram,Serchhip,2024-05-28,0.87,0.9785643106493798
22854,Mizoram,Serchhip,2024-05-28,0.9933333333333333,0.9785643106493798
22855,Mizoram,Serchhip,2024-05-28,0.9666666666666667,0.9785643106493798
22856,Mizoram,Serchhip,2024-05-28,0.9766666666666667,0.9867488323067108
22857,Mizoram,Serchhip,2024-05-28,0.99,0.9867292354404474
22858,Mizoram,Serchhip,2024-05-28,1.0,0.9867292354404474
22859,Mizoram,Serchhip,2024-05-28,0.9666666666666667,0.9867488323067108
22860,Mizoram,Serchhip,2024-05-28,0.9833333333333333,0.9867488323067108
22861,Mizoram,Serchhip,2024-05-28,0.9933333333333333,0.9867488323067108
22862,Mizoram,Serchhip,2024-05-28,0.9966666666666667,0.9867488323067108
22863,Mizoram,Serchhip,2024-05-28,0.96,0.9867488323067108
22864,Mizoram,Serchhip,2024-05-28,0.9733333333333334,0.9867488323067108
22865,Mizoram,Serchhip,2024-05-28,0.9966666666666667,0.9812142052691035
22866,Mizoram,Serchhip,2024-05-28,0.9966666666666667,0.9529916227610311
23140,Mizoram,Aizawl,2024-06-28,0.97,0.39605373245683356
23488,Mizoram,Aizawl,2024-06-28,0.9766666666666667,0.4212927031786266
23506,Mizoram,Aizawl,2024-06-28,0.97,0.4212927031786266
23581,Mizoram,Aizawl,2024-06-28,0.8366666666666667,0.334364394837527
23099,Mizoram,Aizawl,2024-06-30,0.9766666666666667,0.7652715227630728
23119,Mizoram,Aizawl,2024-07-02,0.9966666666666667,0.9959203981631346
23138,Mizoram,Aizawl,2024-07-02,0.9833333333333333,0.9959203981631346
23139,Mizoram,Aizawl,2024-07-02,0.9733333333333334,0.9977874152245957
23435,Mizoram,Aizawl,2024-07-02,0.9866666666666667,0.9869067494259514
23460,Mizoram,Aizawl,2024-07-02,0.98,0.9869067494259514
23470,Mizoram,Aizawl,2024-07-02,1.0,0.9959203981631346
23473,Mizoram,Aizawl,2024-07-02,0.9966666666666667,0.9959203981631346
23477,Mizoram,Aizawl,2024-07-02,0.9633333333333334,0.9959203981631346
23480,Mizoram,Aizawl,2024-07-02,0.98,0.9959203981631346
23482,Mizoram,Aizawl,2024-07-02,0.9633333333333334,0.9959203981631346
23483,Mizoram,Aizawl,2024-07-02,0.98,0.9869067494259514
23484,Mizoram,Aizawl,2024-07-02,0.9033333333333333,0.9869067494259514
23487,Mizoram,Aizawl,2024-07-02,0.9666666666666667,0.9869067494259514
23496,Mizoram,Aizawl,2024-07-02,0.9966666666666667,0.9869067494259514
23497,Mizoram,Aizawl,2024-07-02,0.9966666666666667,0.9869067494259514
23501,Mizoram,Aizawl,2024-07-02,1.0,0.9869067494259514
23502,Mizoram,Aizawl,2024-07-02,0.9966666666666667,0.9869067494259514
23519,Mizoram,Aizawl,2024-07-02,0.9966666666666667,0.9649485673036381
23523,Mizoram,Aizawl,2024-07-02,0.9866666666666667,0.9649485673036381
23528,Mizoram,Aizawl,2024-07-02,0.9966666666666667,0.9649485673036381
23540,Mizoram,Aizawl,2024-07-02,0.64,0.8066415710645723
23541,Mizoram,Aizawl,2024-07-02,0.72,0.8066415710645723
23542,Mizoram,Aizawl,2024-07-02,0.6633333333333333,0.8066415710645723
23543,Mizoram,Aizawl,2024-07-02,0.6933333333333334,0.8297241895184474
23544,Mizoram,Aizawl,2024-07-02,0.8633333333333333,0.8297241895184474
23580,Mizoram,Aizawl,2024-07-02,0.7766666666666666,0.5946919630817666
23583,Mizoram,Aizawl,2024-07-02,0.86,0.5713774910219994
23587,Mizoram,Aizawl,2024-07-02,0.76,0.5946919630817666
23590,Mizoram,Aizawl,2024-07-02,0.9766666666666667,0.7105977355788007
23591,Mizoram,Aizawl,2024-07-02,0.8933333333333333,0.7105977355788007
23592,Mizoram,Aizawl,2024-07-02,0.9266666666666666,0.7188701928126132
23595,Mizoram,Aizawl,2024-07-02,0.9933333333333333,0.7188701928126132
23601,Mizoram,Aizawl,2024-07-02,0.7266666666666667,0.7459952666278793
23603,Mizoram,Aizawl,2024-07-02,0.6766666666666666,0.7459952666278793
23605,Mizoram,Aizawl,2024-07-02,0.7,0.8176299634708545
23682,Mizoram,Aizawl,2024-07-02,0.68,0.7459952666278793
23683,Mizoram,Aizawl,2024-07-02,0.88,0.7459952666278793
23196,Mizoram,Aizawl,2024-07-02,0.9733333333333334,0.9977874152245957
23503,Mizoram,Aizawl,2024-07-02,1.0,0.9869067494259514
23504,Mizoram,Aizawl,2024-07-02,1.0,0.9869067494259514
23520,Mizoram,Aizawl,2024-07-02,1.0,0.9649485673036381
23524,Mizoram,Aizawl,2024-07-02,0.99,0.9649485673036381
23532,Mizoram,Aizawl,2024-07-02,0.9566666666666667,0.9959203981631346
23137,Mizoram,Aizawl,2024-07-02,0.9933333333333333,0.9959203981631346
23476,Mizoram,Aizawl,2024-07-02,1.0,0.9959203981631346
23553,Mizoram,Aizawl,2024-07-02,0.7566666666666667,0.8182208702719947
23602,Mizoram,Aizawl,2024-07-02,0.7366666666666667,0.7459952666278793
23569,Mizoram,Kolasib,2024-07-02,0.7,0.7829783319270401
23570,Mizoram,Kolasib,2024-07-02,0.6666666666666666,0.7829783319270401
23574,Mizoram,Kolasib,2024-07-02,0.6566666666666666,0.6905996415356437
23643,Mizoram,Kolasib,2024-07-02,0.6733333333333333,0.9268282724656296
23644,Mizoram,Kolasib,2024-07-02,0.8833333333333333,0.9268282724656296
23645,Mizoram,Kolasib,2024-07-02,0.7166666666666667,0.9268282724656296
23646,Mizoram,Kolasib,2024-07-02,0.6833333333333333,0.9268282724656296
23663,Mizoram,Kolasib,2024-07-02,0.8833333333333333,0.9268282724656296
23667,Mizoram,Kolasib,2024-07-02,0.7366666666666667,0.9087474492184001
23668,Mizoram,Kolasib,2024-07-02,0.7933333333333333,0.9087474492184001
23608,Mizoram,Kolasib,2024-07-02,0.8833333333333333,0.9600579474492593
23648,Mizoram,Kolasib,2024-07-02,0.7433333333333333,0.9302665917734985
23669,Mizoram,Kolasib,2024-07-07,0.69,0.4436700533411662
23670,Mizoram,Kolasib,2024-07-07,0.6833333333333333,0.4436700533411662
23673,Mizoram,Kolasib,2024-07-07,0.6766666666666666,0.4705537655768735
23693,Mizoram,Kolasib,2024-07-07,0.66,0.40638727203941877
23695,Mizoram,Kolasib,2024-07-07,0.6433333333333333,0.40638727203941877
23708,Mizoram,Kolasib,2024-07-07,0.61,0.4436700533411662
23705,Mizoram,Kolasib,2024-07-07,0.6766666666666666,0.4436700533411662
23627,Mizoram,Kolasib,2024-07-09,0.7933333333333333,0.49710186497845
23662,Mizoram,Kolasib,2024-07-09,0.68,0.33455006259534315
23664,Mizoram,Kolasib,2024-07-09,0.7533333333333333,0.5065375102582037
23665,Mizoram,Kolasib,2024-07-09,0.8033333333333333,0.5065375102582037
23666,Mizoram,Kolasib,2024-07-09,0.7666666666666667,0.5065375102582037
23691,Mizoram,Kolasib,2024-07-09,0.7066666666666667,0.49701610856983475
23626,Mizoram,Kolasib,2024-07-09,0.6666666666666666,0.49710186497845
23632,Mizoram,Kolasib,2024-07-09,0.6433333333333333,0.3580146288169289
23679,Mizoram,Aizawl,2024-07-17,0.6633333333333333,0.1982862135594472
23685,Mizoram,Kolasib,2024-07-17,0.89,0.36948127810613113
23699,Mizoram,Kolasib,2024-07-17,0.6866666666666666,0.1720622065254963
23700,Mizoram,Kolasib,2024-07-17,0.7066666666666667,0.1720622065254963
23701,Mizoram,Kolasib,2024-07-17,0.6133333333333333,0.1720622065254963
23684,Mizoram,Kolasib,2024-07-17,0.8533333333333334,0.23024035047968266
23545,Mizoram,Aizawl,2024-08-13,0.74,0.26787088680929655
23546,Mizoram,Aizawl,2024-08-13,0.63,0.26787088680929655
23547,Mizoram,Aizawl,2024-08-13,0.6933333333333334,0.2806547328853262
23549,Mizoram,Aizawl,2024-08-13,0.79,0.27784463777513974
23550,Mizoram,Aizawl,2024-08-13,0.8566666666666667,0.27784463777513974
23552,Mizoram,Aizawl,2024-08-13,0.7433333333333333,0.27784463777513974
23554,Mizoram,Aizawl,2024-08-13,0.76,0.27784463777513974
23558,Mizoram,Aizawl,2024-08-13,0.6933333333333334,0.2963234571149206
23560,Mizoram,Aizawl,2024-08-13,0.6933333333333334,0.2724522061029651
23548,Mizoram,Aizawl,2024-08-13,0.7033333333333334,0.2806547328853262
23556,Mizoram,Aizawl,2024-08-13,0.7066666666666667,0.28687891187882913
23606,Mizoram,Kolasib,2024-08-13,0.7,0.30718014072671157
23572,Mizoram,Kolasib,2024-08-13,0.8766666666666667,0.25694389394064104
23613,Mizoram,Kolasib,2024-09-12,0.7866666666666666,0.2677145916033943
23615,Mizoram,Kolasib,2024-09-12,0.83,0.2677145916033943
23619,Mizoram,Kolasib,2024-09-12,0.7833333333333333,0.2677145916033943
23609,Mizoram,Kolasib,2024-09-12,0.82,0.2677145916033943
23610,Mizoram,Kolasib,2024-09-12,0.7333333333333333,0.16010328394435852
23611,Mizoram,Kolasib,2024-09-12,0.7033333333333334,0.16010328394435852
23614,Mizoram,Kolasib,2024-09-12,0.83,0.2677145916033943
23617,Mizoram,Kolasib,2024-09-12,0.8733333333333333,0.2677145916033943
23618,Mizoram,Kolasib,2024-09-12,0.6366666666666667,0.2677145916033943
23620,Mizoram,Kolasib,2024-09-12,0.7366666666666667,0.2677145916033943
23680,Mizoram,Aizawl,2024-09-24,0.74,0.2281011798154521
23630,Mizoram,Kolasib,2024-09-24,0.79,0.16224788119875083
23638,Mizoram,Kolasib,2024-09-24,0.7533333333333333,0.18023195645093917
23640,Mizoram,Kolasib,2024-09-24,0.6733333333333333,0.17225915626723154
23641,Mizoram,Kolasib,2024-09-24,0.8433333333333334,0.21993727901219357
23642,Mizoram,Kolasib,2024-09-24,0.6733333333333333,0.2387396839188085
23652,Mizoram,Kolasib,2024-09-24,0.7566666666666667,0.1909703308630879
23654,Mizoram,Kolasib,2024-09-24,0.78,0.17318041946977752
23677,Mizoram,Kolasib,2024-09-24,0.6433333333333333,0.19183264913539372
23703,Mizoram,Kolasib,2024-09-24,0.73,0.1885196683336137
23711,Mizoram,Kolasib,2024-09-24,0.6866666666666666,0.16532983145554447
23675,Mizoram,Kolasib,2024-09-24,0.7,0.21345411689965582
23676,Mizoram,Kolasib,2024-09-24,0.6566666666666666,0.19183264913539372
23678,Mizoram,Kolasib,2024-09-24,0.6566666666666666,0.19183264913539372
23647,Mizoram,Kolasib,2024-09-24,0.97,0.21993727901219357
23674,Mizoram,Kolasib,2024-09-24,0.6866666666666666,0.21345411689965582
23295,Mizoram,Aizawl,2024-09-25,0.9733333333333334,0.49586848919770576
23499,Mizoram,Aizawl,2024-09-25,0.9866666666666667,0.34641831250723193
23500,Mizoram,Aizawl,2024-09-25,0.99,0.34641831250723193
23525,Mizoram,Aizawl,2024-09-25,0.9733333333333334,0.3188578760763949
23522,Mizoram,Aizawl,2024-09-25,0.98,0.3188578760763949
23531,Mizoram,Aizawl,2024-09-25,0.9966666666666667,0.3188578760763949
23527,Mizoram,Aizawl,2024-09-28,0.9966666666666667,0.2379486005124716
23533,Mizoram,Aizawl,2024-09-28,0.6966666666666667,0.25295245336887046
23537,Mizoram,Aizawl,2024-09-28,0.6233333333333333,0.26988961969501424
23538,Mizoram,Aizawl,2024-09-28,0.81,0.26988961969501424
23551,Mizoram,Aizawl,2024-09-28,0.8666666666666667,0.25634190942766427
23562,Mizoram,Aizawl,2024-09-28,0.6966666666666667,0.26754234345662153
23563,Mizoram,Aizawl,2024-09-28,0.71,0.2768416275654267
23584,Mizoram,Aizawl,2024-09-28,0.9933333333333333,0.37889421102971366
23600,Mizoram,Aizawl,2024-09-28,0.68,0.2670062581856294
23604,Mizoram,Aizawl,2024-09-28,0.7533333333333333,0.36196504899791565
23624,Mizoram,Aizawl,2024-09-28,0.6366666666666667,0.34438421760088656
23625,Mizoram,Aizawl,2024-09-28,0.68,0.34438421760088656
23529,Mizoram,Aizawl,2024-09-28,1.0,0.2379486005124716
23559,Mizoram,Aizawl,2024-09-28,0.6333333333333333,0.2768416275654267
23526,Mizoram,Aizawl,2024-09-28,0.9933333333333333,0.2379486005124716
23565,Mizoram,Kolasib,2024-09-28,0.6266666666666667,0.25639231874543494
23576,Mizoram,Kolasib,2024-09-28,0.62,0.2538161392356721
23671,Mizoram,Kolasib,2024-09-28,0.75,0.24181760693551693
23672,Mizoram,Kolasib,2024-09-28,0.7466666666666667,0.25638196724036383
23687,Mizoram,Kolasib,2024-09-28,0.6833333333333333,0.24742804967074336
23688,Mizoram,Kolasib,2024-09-28,0.9666666666666667,0.23546405479242669
23689,Mizoram,Kolasib,2024-09-28,0.7866666666666666,0.2271465502100583
23955,Mizoram,Aizawl,2025-05-29,0.9933333333333333,0.4808720591172477
23714,Mizoram,Aizawl,2025-05-29,0.9866666666666667,0.5909787760111603
24072,Mizoram,Lunglei,2025-05-29,0.9933333333333333,0.8151531161606411
23804,Mizoram,Serchhip,2025-05-29,0.9966666666666667,0.7401666668072345
23842,Mizoram,Serchhip,2025-05-29,0.9633333333333334,0.5945022254627199
23722,Mizoram,Aizawl,2025-05-30,0.99,0.9175684358745119
23720,Mizoram,Aizawl,2025-05-30,0.9566666666666667,0.9175684358745119
23734,Mizoram,Aizawl,2025-05-30,1.0,0.9777332559938722
24105,Mizoram,Lunglei,2025-05-30,0.8466666666666667,0.986762918013223
24074,Mizoram,Lunglei,2025-05-30,0.99,0.986762918013223
23750,Mizoram,Lunglei,2025-05-30,0.99,0.986762918013223
23752,Mizoram,Lunglei,2025-05-30,0.9966666666666667,0.986762918013223
23843,Mizoram,Serchhip,2025-05-30,0.95,0.9864043321024395
23770,Mizoram,Siaha,2025-05-30,0.9266666666666666,0.9932278149175799
23951,Mizoram,Aizawl,2025-05-31,0.9333333333333333,0.9697153638885915
23716,Mizoram,Aizawl,2025-05-31,1.0,0.9833543703986647
23942,Mizoram,Champhai,2025-05-31,0.9833333333333333,0.9255451330388864
23796,Mizoram,Hnahthial,2025-05-31,0.99,0.9890938035871792
23797,Mizoram,Hnahthial,2025-05-31,0.9833333333333333,0.9890938035871792
23798,Mizoram,Hnahthial,2025-05-31,0.9633333333333334,0.9890938035871792
23792,Mizoram,Hnahthial,2025-05-31,0.99,0.9919613684733617
23793,Mizoram,Hnahthial,2025-05-31,0.9966666666666667,0.9832615470870544
23794,Mizoram,Hnahthial,2025-05-31,1.0,0.9832615470870544
23795,Mizoram,Hnahthial,2025-05-31,0.9433333333333334,0.9832615470870544
23939,Mizoram,Khawzawl,2025-05-31,0.9966666666666667,0.9588237217299302
23937,Mizoram,Khawzawl,2025-05-31,0.99,0.9703392709143056
23767,Mizoram,Lawngtlai,2025-05-31,0.9733333333333334,0.9912304886268848
23775,Mizoram,Lawngtlai,2025-05-31,0.9933333333333333,0.9912304886268848
23768,Mizoram,Lawngtlai,2025-05-31,0.9933333333333333,0.9931605468616727
23744,Mizoram,Lunglei,2025-05-31,0.9833333333333333,0.9788250179755859
23753,Mizoram,Lunglei,2025-05-31,0.9366666666666666,0.9883925992768945
23754,Mizoram,Lunglei,2025-05-31,0.9966666666666667,0.9883925992768945
23761,Mizoram,Lunglei,2025-05-31,0.9233333333333333,0.9883925992768945
23762,Mizoram,Lunglei,2025-05-31,0.99,0.9883925992768945
23756,Mizoram,Lunglei,2025-05-31,0.9966666666666667,0.9883925992768945
23782,Mizoram,Lunglei,2025-05-31,0.8266666666666667,0.9837937651965599
23783,Mizoram,Lunglei,2025-05-31,0.86,0.9837937651965599
23791,Mizoram,Lunglei,2025-05-31,0.9966666666666667,0.9795702975708813
23776,Mizoram,Lunglei,2025-05-31,0.9666666666666667,0.9887209063990477
23777,Mizoram,Lunglei,2025-05-31,0.92,0.9887209063990477
23778,Mizoram,Lunglei,2025-05-31,1.0,0.9887209063990477
23779,Mizoram,Lunglei,2025-05-31,0.99,0.9837937651965599
23780,Mizoram,Lunglei,2025-05-31,0.9933333333333333,0.9837937651965599
23781,Mizoram,Lunglei,2025-05-31,0.9833333333333333,0.9837937651965599
23949,Mizoram,Saitual,2025-05-31,0.9866666666666667,0.9623453001312205
23808,Mizoram,Serchhip,2025-05-31,0.9,0.9893842675086593
23743,Mizoram,Serchhip,2025-05-31,0.9033333333333333,0.9788250179755859
23869,Mizoram,Serchhip,2025-05-31,0.9566666666666667,0.9835066385526317
23870,Mizoram,Serchhip,2025-05-31,0.99,0.9835066385526317
23871,Mizoram,Serchhip,2025-05-31,0.95,0.9835066385526317
23741,Mizoram,Serchhip,2025-05-31,0.96,0.9788250179755859
23742,Mizoram,Serchhip,2025-05-31,0.9866666666666667,0.9788250179755859
23737,Mizoram,Serchhip,2025-05-31,0.9966666666666667,0.9835066385526317
23809,Mizoram,Serchhip,2025-05-31,0.99,0.9893842675086593
23810,Mizoram,Serchhip,2025-05-31,0.99,0.9893842675086593
23811,Mizoram,Serchhip,2025-05-31,1.0,0.9893842675086593
23812,Mizoram,Serchhip,2025-05-31,0.8133333333333334,0.9893842675086593
23814,Mizoram,Serchhip,2025-05-31,1.0,0.9893842675086593
23815,Mizoram,Serchhip,2025-05-31,0.93,0.9893842675086593
23816,Mizoram,Serchhip,2025-05-31,0.8766666666666667,0.9893842675086593
23819,Mizoram,Serchhip,2025-05-31,0.9966666666666667,0.9893842675086593
23820,Mizoram,Serchhip,2025-05-31,0.99,0.9893842675086593
23821,Mizoram,Serchhip,2025-05-31,0.83,0.9893842675086593
23822,Mizoram,Serchhip,2025-05-31,1.0,0.9893842675086593
23823,Mizoram,Serchhip,2025-05-31,0.98,0.9893842675086593
23825,Mizoram,Serchhip,2025-05-31,0.9166666666666666,0.9893842675086593
23826,Mizoram,Serchhip,2025-05-31,0.9966666666666667,0.9893842675086593
23827,Mizoram,Serchhip,2025-05-31,0.99,0.9893842675086593
23828,Mizoram,Serchhip,2025-05-31,0.9933333333333333,0.9893842675086593
23831,Mizoram,Serchhip,2025-05-31,0.94,0.9920278353561882
23832,Mizoram,Serchhip,2025-05-31,0.9966666666666667,0.9893842675086593
23833,Mizoram,Serchhip,2025-05-31,0.95,0.9893842675086593
23835,Mizoram,Serchhip,2025-05-31,0.9966666666666667,0.9893842675086593
23840,Mizoram,Serchhip,2025-05-31,0.9966666666666667,0.9893842675086593
23841,Mizoram,Serchhip,2025-05-31,0.9566666666666667,0.9920278353561882
23849,Mizoram,Serchhip,2025-05-31,0.7566666666666667,0.9893842675086593
23850,Mizoram,Serchhip,2025-05-31,0.7733333333333333,0.9893842675086593
23852,Mizoram,Serchhip,2025-05-31,0.9533333333333334,0.9893842675086593
23853,Mizoram,Serchhip,2025-05-31,0.9866666666666667,0.9920278353561882
23854,Mizoram,Serchhip,2025-05-31,0.96,0.9920278353561882
23855,Mizoram,Serchhip,2025-05-31,0.98,0.9920278353561882
23861,Mizoram,Serchhip,2025-05-31,0.99,0.9920278353561882
23862,Mizoram,Serchhip,2025-05-31,0.9933333333333333,0.9920278353561882
23865,Mizoram,Serchhip,2025-05-31,0.86,0.9920278353561882
23805,Mizoram,Serchhip,2025-05-31,0.9666666666666667,0.9814953065156206
23806,Mizoram,Serchhip,2025-05-31,0.9966666666666667,0.9786358735337516
23807,Mizoram,Serchhip,2025-05-31,0.9733333333333334,0.9786358735337516
23860,Mizoram,Serchhip,2025-05-31,0.99,0.9786358735337516
23934,Mizoram,Serchhip,2025-05-31,0.9933333333333333,0.964123993052267
23935,Mizoram,Serchhip,2025-05-31,0.99,0.964123993052267
23739,Mizoram,Serchhip,2025-05-31,0.9866666666666667,0.9788250179755859
23813,Mizoram,Serchhip,2025-05-31,0.98,0.9893842675086593
23817,Mizoram,Serchhip,2025-05-31,0.7366666666666667,0.9814953065156206
23818,Mizoram,Serchhip,2025-05-31,0.9166666666666666,0.9893842675086593
23824,Mizoram,Serchhip,2025-05-31,1.0,0.9893842675086593
23845,Mizoram,Serchhip,2025-05-31,0.9233333333333333,0.9920278353561882
23856,Mizoram,Serchhip,2025-05-31,0.8866666666666667,0.9920278353561882
23803,Mizoram,Serchhip,2025-05-31,0.9933333333333333,0.9814953065156206
23769,Mizoram,Siaha,2025-05-31,0.9966666666666667,0.9876500201401642
23772,Mizoram,Siaha,2025-05-31,0.9966666666666667,0.9876500201401642
23774,Mizoram,Siaha,2025-05-31,1.0,0.9876500201401642
23771,Mizoram,Siaha,2025-05-31,0.9933333333333333,0.9876500201401642
23956,Mizoram,Aizawl,2025-06-01,0.9966666666666667,0.9276562657535452
23721,Mizoram,Aizawl,2025-06-01,0.86,0.9910434236692014
23952,Mizoram,Aizawl,2025-06-01,0.9766666666666667,0.9727512634755782
23724,Mizoram,Aizawl,2025-06-01,0.9933333333333333,0.9910434236692014
23727,Mizoram,Aizawl,2025-06-01,0.98,0.9912902490419772
23940,Mizoram,Champhai,2025-06-01,0.9633333333333334,0.9809191054582306
23941,Mizoram,Champhai,2025-06-01,0.9066666666666666,0.9809191054582306
23799,Mizoram,Hnahthial,2025-06-01,0.7666666666666667,0.9946636174501138
23938,Mizoram,Khawzawl,2025-06-01,0.8933333333333333,0.9849125010905323
23943,Mizoram,Khawzawl,2025-06-01,0.9866666666666667,0.9502253198143839
24107,Mizoram,Lunglei,2025-06-01,0.9766666666666667,0.9959533059222213
24034,Mizoram,Lunglei,2025-06-01,0.9066666666666666,0.9959533059222213
23920,Mizoram,Lunglei,2025-06-01,0.9733333333333334,0.9950527389932741
23921,Mizoram,Lunglei,2025-06-01,0.8033333333333333,0.995920960429782
23922,Mizoram,Lunglei,2025-06-01,0.9866666666666667,0.995920960429782
23923,Mizoram,Lunglei,2025-06-01,0.9733333333333334,0.995920960429782
23924,Mizoram,Lunglei,2025-06-01,0.8966666666666666,0.995920960429782
23925,Mizoram,Lunglei,2025-06-01,0.9133333333333333,0.995920960429782
23875,Mizoram,Lunglei,2025-06-01,1.0,0.9963222268871109
23876,Mizoram,Lunglei,2025-06-01,0.9433333333333334,0.9955600661888583
23877,Mizoram,Lunglei,2025-06-01,0.95,0.9955600661888583
23878,Mizoram,Lunglei,2025-06-01,0.8966666666666666,0.9955600661888583
23879,Mizoram,Lunglei,2025-06-01,0.8433333333333334,0.9955600661888583
23880,Mizoram,Lunglei,2025-06-01,0.9633333333333334,0.9955600661888583
23881,Mizoram,Lunglei,2025-06-01,0.97,0.9955600661888583
23927,Mizoram,Lunglei,2025-06-01,0.9833333333333333,0.9963222268871109
23760,Mizoram,Lunglei,2025-06-01,0.96,0.9959533059222213
23882,Mizoram,Lunglei,2025-06-01,0.6633333333333333,0.9963222268871109
23888,Mizoram,Lunglei,2025-06-01,0.9933333333333333,0.9965247843199774
23889,Mizoram,Lunglei,2025-06-01,0.9933333333333333,0.9965247843199774
23890,Mizoram,Lunglei,2025-06-01,0.9666666666666667,0.9965247843199774
23896,Mizoram,Lunglei,2025-06-01,0.95,0.9969175122779781
23917,Mizoram,Lunglei,2025-06-01,0.92,0.9973387657911802
23918,Mizoram,Lunglei,2025-06-01,0.97,0.9973387657911802
23919,Mizoram,Lunglei,2025-06-01,0.9966666666666667,0.9973387657911802
23926,Mizoram,Lunglei,2025-06-01,0.9633333333333334,0.9973387657911802
23784,Mizoram,Lunglei,2025-06-01,0.84,0.992148539748809
23785,Mizoram,Lunglei,2025-06-01,0.99,0.9976386314097457
23786,Mizoram,Lunglei,2025-06-01,0.9833333333333333,0.9976386314097457
23787,Mizoram,Lunglei,2025-06-01,1.0,0.9976386314097457
23788,Mizoram,Lunglei,2025-06-01,0.99,0.9976386314097457
23790,Mizoram,Lunglei,2025-06-01,0.84,0.9901778583993472
24100,Mizoram,Lunglei,2025-06-01,0.9666666666666667,0.9959533059222213
23887,Mizoram,Lunglei,2025-06-01,0.9466666666666667,0.9965247843199774
23891,Mizoram,Lunglei,2025-06-01,0.99,0.9965247843199774
23892,Mizoram,Lunglei,2025-06-01,0.9066666666666666,0.9969175122779781
23893,Mizoram,Lunglei,2025-06-01,0.96,0.9969175122779781
23894,Mizoram,Lunglei,2025-06-01,0.94,0.9969175122779781
23895,Mizoram,Lunglei,2025-06-01,0.9666666666666667,0.9969175122779781
23866,Mizoram,Serchhip,2025-06-01,0.9966666666666667,0.994983598592448
23867,Mizoram,Serchhip,2025-06-01,1.0,0.994983598592448
23868,Mizoram,Serchhip,2025-06-01,0.9966666666666667,0.994740403965434
23872,Mizoram,Serchhip,2025-06-01,0.99,0.9955600661888583
23873,Mizoram,Serchhip,2025-06-01,0.99,0.9963222268871109
23874,Mizoram,Serchhip,2025-06-01,0.8933333333333333,0.9963222268871109
23740,Mizoram,Serchhip,2025-06-01,0.9933333333333333,0.994983598592448
23836,Mizoram,Serchhip,2025-06-01,0.9966666666666667,0.9960184395579306
23837,Mizoram,Serchhip,2025-06-01,0.9966666666666667,0.9960184395579306
23838,Mizoram,Serchhip,2025-06-01,1.0,0.9960184395579306
23839,Mizoram,Serchhip,2025-06-01,0.9933333333333333,0.9960184395579306
23846,Mizoram,Serchhip,2025-06-01,0.9766666666666667,0.9960184395579306
23847,Mizoram,Serchhip,2025-06-01,0.8233333333333334,0.9960184395579306
23857,Mizoram,Serchhip,2025-06-01,0.99,0.9967052369769664
23858,Mizoram,Serchhip,2025-06-01,0.7833333333333333,0.9967052369769664
23859,Mizoram,Serchhip,2025-06-01,0.7033333333333334,0.989889142413681
23863,Mizoram,Serchhip,2025-06-01,0.98,0.9967052369769664
23800,Mizoram,Serchhip,2025-06-01,0.98,0.9946636174501138
23930,Mizoram,Serchhip,2025-06-01,0.94,0.9930029598343042
23931,Mizoram,Serchhip,2025-06-01,0.99,0.9930029598343042
23932,Mizoram,Serchhip,2025-06-01,0.9366666666666666,0.9930029598343042
23933,Mizoram,Serchhip,2025-06-01,0.8633333333333333,0.994424598688835
23801,Mizoram,Serchhip,2025-06-01,0.9866666666666667,0.9946636174501138
23802,Mizoram,Serchhip,2025-06-01,0.9866666666666667,0.9946636174501138
23928,Mizoram,Serchhip,2025-06-01,1.0,0.9930029598343042
23929,Mizoram,Serchhip,2025-06-01,0.99,0.9930029598343042
23864,Mizoram,Serchhip,2025-06-01,0.9633333333333334,0.9967052369769664
23773,Mizoram,Siaha,2025-06-01,0.9566666666666667,0.9727504912751768
24048,Mizoram,Lunglei,2025-06-02,0.8733333333333333,0.9901556952910644
23789,Mizoram,Lunglei,2025-06-02,0.97,0.984266319403288
24002,Mizoram,Lunglei,2025-06-02,0.9733333333333334,0.988040880479828
24004,Mizoram,Lunglei,2025-06-02,0.9866666666666667,0.988040880479828
24014,Mizoram,Lunglei,2025-06-02,0.9666666666666667,0.988040880479828
24015,Mizoram,Lunglei,2025-06-02,0.8366666666666667,0.988040880479828
24016,Mizoram,Lunglei,2025-06-02,0.8,0.988040880479828
23999,Mizoram,Serchhip,2025-06-02,0.9933333333333333,0.988040880479828
24000,Mizoram,Serchhip,2025-06-05,0.6933333333333334,0.6219351606352682
23953,Mizoram,Aizawl,2025-06-14,0.9966666666666667,0.3292564935597582
23954,Mizoram,Aizawl,2025-06-14,1.0,0.3292564935597582
23945,Mizoram,Khawzawl,2025-06-14,0.9966666666666667,0.37751672232952166
23946,Mizoram,Khawzawl,2025-06-14,0.9733333333333334,0.37751672232952166
23947,Mizoram,Khawzawl,2025-06-14,0.99,0.37751672232952166
25781,Nagaland,Chumoukedima,2024-09-03,0.9933333333333333,0.82710803203216
25782,Nagaland,Chumoukedima,2024-09-03,0.9933333333333333,0.82710803203216
25794,Nagaland,Chumoukedima,2024-09-03,0.98,0.6676263435686475
24795,Nagaland,Dimapur,2013-07-16,0.9933333333333333,0.5710665321426937
24751,Nagaland,Dimapur,2013-07-16,0.9366666666666666,0.45861369549399766
25961,Nagaland,Dimapur,2019-05-09,0.9133333333333333,0.17102982147483559
25975,Nagaland,Kohima,2012-07-29,0.9133333333333333,0.6845416385829123
25976,Nagaland,Kohima,2012-07-31,0.8966666666666666,0.34408032832160707
25977,Nagaland,Kohima,2012-08-06,1.0,0.595766710212029
25978,Nagaland,Kohima,2012-08-07,0.8233333333333334,0.7855019481223274
25979,Nagaland,Kohima,2012-08-08,0.78,0.637542180488807
25793,Nagaland,Kohima,2024-07-06,0.8433333333333334,0.7339373730588219
24466,Nagaland,Kohima,2008-08-02,0.8933333333333333,0.5041994208756144
24491,Nagaland,Kohima,2007-08-12,0.9933333333333333,0.19292081000687286
24516,Nagaland,Kohima,2008-08-16,0.9933333333333333,0.5027450807125262
25802,Nagaland,Kohima,2022-10-15,0.9966666666666667,0.1907328210467396
25803,Nagaland,Kohima,2022-09-30,0.99,0.23629953756679628
25853,Nagaland,Kohima,2023-09-08,0.9966666666666667,0.5673768332855834
24660,Nagaland,Kohima,2013-07-03,0.9966666666666667,0.6381856695919652
25800,Nagaland,Kohima,2022-09-25,0.9966666666666667,0.3753805687302705
25807,Nagaland,Kohima,2022-11-12,1.0,0.09722097950824754
25868,Nagaland,Kohima,2023-10-02,0.8666666666666667,0.23324160063815477
25907,Nagaland,Kohima,2018-08-23,0.9066666666666666,0.45452326683890204
25908,Nagaland,Kohima,2018-08-23,0.9633333333333334,0.45452326683890204
25922,Nagaland,Kohima,2024-08-23,1.0,0.5757012787733088
24708,Nagaland,Kohima,2013-09-08,0.9733333333333334,0.24105621092566207
25936,Nagaland,Kohima,2025-07-25,0.95,0.2409902588224466
25798,Nagaland,Kohima,2017-10-29,0.9966666666666667,0.7262998829176063
25799,Nagaland,Kohima,2022-09-12,0.9766666666666667,0.7053340292714637
25801,Nagaland,Kohima,2022-09-28,0.9933333333333333,0.5424711436273607
25934,Nagaland,Kohima,2015-07-15,0.9866666666666667,0.37215186674653106
25940,Nagaland,Kohima,2015-07-18,0.9833333333333333,0.9594698859205131
25923,Nagaland,Mokokchung,2025-07-08,0.9666666666666667,0.6840871807298711
25789,Nagaland,Mokokchung,2025-07-05,0.9733333333333334,0.9209664675824577
25787,Nagaland,Mokokchung,2025-07-08,0.9466666666666667,0.6840871807298711
25980,Nagaland,Phek,2012-08-07,0.7833333333333333,0.7195417064638825
25784,Nagaland,Tseminyu,2025-01-19,0.9966666666666667,0.09708444698755302
25932,Nagaland,Tseminyu,2025-01-19,0.9966666666666667,0.09708444698755302
24968,Nagaland,Tuensang,2009-06-21,0.8233333333333334,0.6133771477570704
24950,Nagaland,Tuensang,2009-06-21,0.8966666666666666,0.6133771477570704
25487,Nagaland,Tuensang,2009-06-20,0.7266666666666667,0.9297696163422764
25971,Nagaland,Tuensang,2012-07-03,0.9533333333333334,0.6570611585939338
25972,Nagaland,Tuensang,2012-06-30,1.0,0.6184051575881514
25973,Nagaland,Tuensang,2012-05-25,0.8066666666666666,0.10508606314639223
25506,Nagaland,Tuensang,2009-08-20,0.89,0.7844366625284204
25499,Nagaland,Tuensang,2009-06-20,0.6866666666666666,0.9297696163422764
25505,Nagaland,Tuensang,2009-07-27,0.89,0.505733603889669
25490,Nagaland,Tuensang,2009-06-04,0.75,0.24253902751913237
24146,Nagaland,Tuensang,2018-05-11,0.6533333333333333,0.838885646405891
25796,Nagaland,Wokha,2024-07-15,0.9933333333333333,0.7072304246421044
25797,Nagaland,Wokha,2024-07-23,0.9733333333333334,0.3821174319645627
25211,Nagaland,Wokha,2021-09-18,0.95,0.33606407843610736
25963,Nagaland,Wokha,2021-09-18,0.95,0.33606407843610736
25970,Nagaland,Tuensang,2012-06-22,0.9866666666666667,0.9667668519131315
25911,Nagaland,Kohima,2024-06-01,1.0,0.5803476745721359
25912,Nagaland,Kohima,2024-06-01,0.98,0.5803476745721359
25914,Nagaland,Kohima,2024-06-01,0.98,0.5803476745721359
25915,Nagaland,Kohima,2024-06-01,1.0,0.5803476745721359
25916,Nagaland,Kohima,2024-06-01,1.0,0.5803476745721359
25918,Nagaland,Kohima,2024-06-01,0.9366666666666666,0.5377028088260034
25919,Nagaland,Kohima,2024-06-01,1.0,0.5377028088260034
25920,Nagaland,Kohima,2024-06-01,0.9933333333333333,0.5377028088260034
25921,Nagaland,Kohima,2024-06-01,0.9566666666666667,0.5377028088260034
25917,Nagaland,Kohima,2024-06-01,0.9966666666666667,0.5377028088260034
25931,Nagaland,Kohima,2025-05-31,0.9566666666666667,0.9855965514573617
25786,Nagaland,Kohima,2025-07-07,0.9366666666666666,0.9092907209311196
25924,Nagaland,Mokokchung,2025-07-07,0.9933333333333333,0.6858792701482569
25788,Nagaland,Mokokchung,2025-07-07,0.9933333333333333,0.6858792701482569
25790,Nagaland,Mokokchung,2025-07-07,0.9433333333333334,0.6858792701482569
25925,Nagaland,Mokokchung,2025-07-07,0.9833333333333333,0.6858792701482569
25926,Nagaland,Mokokchung,2025-07-07,0.9933333333333333,0.6858792701482569
25785,Nagaland,Mokokchung,2025-07-07,0.9933333333333333,0.6858792701482569
26745,Sikkim,East Sikkim,2021-08-22,0.9133333333333333,0.6915213746732136
26797,Sikkim,East Sikkim,2022-06-15,1.0,0.6231402137907865
26736,Sikkim,East Sikkim,2021-10-19,1.0,0.9989584322737438
26767,Sikkim,East Sikkim,2021-10-19,1.0,0.9968913800261864
26752,Sikkim,East Sikkim,2021-06-01,0.9966666666666667,0.34474066935471226
26754,Sikkim,East Sikkim,2021-06-08,0.97,0.8433727074973985
26755,Sikkim,East Sikkim,2021-06-05,0.9866666666666667,0.5290653793544778
26816,Sikkim,East Sikkim,2012-06-07,0.93,0.343854087561108
26817,Sikkim,East Sikkim,2012-06-07,0.63,0.343854087561108
26818,Sikkim,East Sikkim,2012-06-07,0.76,0.343854087561108
26714,Sikkim,East Sikkim,2015-07-11,0.88,0.5452482584438308
26740,Sikkim,East Sikkim,2021-08-23,0.99,0.520865614412547
26763,Sikkim,East Sikkim,2021-05-18,0.9966666666666667,0.22837926378542064
26795,Sikkim,East Sikkim,2022-05-12,0.99,0.2809508367493305
26819,Sikkim,East Sikkim,2012-07-13,0.94,0.6872023645464467
26820,Sikkim,East Sikkim,2012-07-13,0.9233333333333333,0.6872023645464467
26728,Sikkim,East Sikkim,2021-10-19,0.94,0.9984569862772935
26746,Sikkim,East Sikkim,2021-08-27,0.9566666666666667,0.8660751663381883
26798,Sikkim,Geyzing,2022-08-20,0.94,0.557163438028865
26810,Sikkim,Mangan,2024-07-21,1.0,0.45679295995403957
26806,Sikkim,Mangan,2023-10-04,0.9233333333333333,0.8910759902975148
26781,Sikkim,Namchi,2022-07-10,1.0,0.1881978685023087
26827,Sikkim,North Sikkim,2009-05-09,0.8366666666666667,0.1690081954761267
26760,Sikkim,North Sikkim,2021-06-18,0.9133333333333333,0.6383519792984427
26792,Sikkim,Pakyong,2022-08-25,0.9866666666666667,0.7715285532692983
26802,Sikkim,Pakyong,2023-10-04,0.9966666666666667,0.9412169349639001
26784,Sikkim,Soreng,2022-11-20,1.0,0.09735747971328411
26757,Sikkim,South Sikkim,2021-08-23,0.9966666666666667,0.520865614412547
26814,Sikkim,West district,2011-06-24,0.9033333333333333,0.9250662459389608
26815,Sikkim,West district,2011-06-24,0.9033333333333333,0.9250662459389608
26822,Sikkim,North Sikkim,2012-06-22,0.8733333333333333,0.3121686303017729
26823,Sikkim,North Sikkim,2012-06-22,0.8233333333333334,0.3121686303017729
26825,Sikkim,North Sikkim,2012-06-22,0.9566666666666667,0.3121686303017729
26821,Sikkim,North Sikkim,2012-06-26,0.83,0.2150304591104343
26897,Tripura,Dhalai,2010-06-03,0.9933333333333333,0.7375794455007006
26866,Tripura,Gomati,2018-05-18,0.75,0.5271384125228681
26844,Tripura,Gomati,2018-05-20,0.6866666666666666,0.4739362246048002
26903,Tripura,South Tripura,2021-08-25,0.91,0.3942709652721434
26904,Tripura,South Tripura,2021-08-25,0.8366666666666667,0.3942709652721434
26850,Tripura,West Tripura,2009-07-10,0.7433333333333333,0.19739449997687936
