SlNo,State,District,Latitude,Longitude,event_date
1242,Arunachal Pradesh,Tawang,27.587417,91.886944,2016-04-15
1254,Arunachal Pradesh,Tawang,27.591806411743164,91.865028,2016-04-15
1258,Arunachal Pradesh,Tawang,27.593139,91.873889,2016-04-15
1246,Arunachal Pradesh,Tawang,27.58941650390625,91.861444,2016-04-16
1259,Arunachal Pradesh,Tawang,27.593361,91.879444,2016-04-16
793,Assam,Kamrup,26.14988889,91.77394444,2025-04-24
794,Assam,Kamrup,26.10891667,91.74175262451172,2012-06-15
795,Assam,Kamrup,26.12911111,91.74911111,2012-06-18
796,Assam,Kamrup,26.15333333,91.77711111,2012-06-18
797,Assam,Kamrup,26.15052778,91.72766667,2012-06-20
798,Assam,Kamrup,26.16405556,91.72827778,2012-06-19
18716,Manipur,Tamenglong,24.81722068786621,93.51721954345705,2007-06-09
19019,Manipur,Tamenglong,24.99694061279297,93.5022201538086,2007-08-21
19675,Meghalaya,Jaintia Hills,25.12186050415039,92.388583,2007-07-24
20108,Meghalaya,West Garo Hills,25.51028060913086,90.21678161621094,2007-07-20
20524,Meghalaya,West Khasi Hills,25.36497222,91.02411111,2012-04-24
20525,Meghalaya,Jaintia Hills,25.26361111,92.38557778,2012-06-19
20526,Meghalaya,Jaintia Hills,25.26005556,92.38863889,2012-06-19
20527,Meghalaya,Jaintia Hills,25.14702778,92.37883333,2012-06-19
20528,Meghalaya,Jaintia Hills,25.14702778,92.37883333,2012-06-19
20529,Meghalaya,Jaintia Hills,25.14341667,92.37805556,2012-06-19
20530,Meghalaya,Jaintia Hills,25.13427778,92.38511111,2012-06-19
20531,Meghalaya,Jaintia Hills,25.09022222,92.35805556,2012-06-19
20532,Meghalaya,Jaintia Hills,25.09055556,92.35972222,2012-06-19
20511,Meghalaya,East Khasi Hills,25.57711111,91.88141667,2010-08-20
20521,Meghalaya,Jaintia Hills,25.05108333,92.40219444,2010-04-15
20533,Meghalaya,Jaintia Hills,25.08772222,92.36086111,2012-06-19
20522,Meghalaya,Jaintia Hills,25.04305556,92.42041667,2010-04-15
20534,Meghalaya,Ri-Bhoi,26.00361111,92.86361111,2012-07-19
20523,Meghalaya,Jaintia Hills,25.04222222,92.44127778,2010-04-15
20535,Meghalaya,West Khasi Hills,25.53086111,91.29780556,2012-08-14
20512,Meghalaya,East Khasi Hills,25.56183333,91.86855556,2010-06-21
20513,Meghalaya,East Khasi Hills,25.57188889,91.90127778,2010-06-21
20514,Meghalaya,East Khasi Hills,25.56852778,91.89219444,2010-06-21
20517,Meghalaya,Jaintia Hills,25.13561111,92.38050079345705,2010-04-15
20518,Meghalaya,Jaintia Hills,25.13486111,92.38200378417967,2010-04-15
20519,Meghalaya,Jaintia Hills,25.12383333,92.38519444,2010-04-15
20520,Meghalaya,Jaintia Hills,25.07533333,92.36341667,2010-04-15
19578,Manipur,Ri-Bhoi,25.67469444,91.88652778,2011-06-19
19582,Manipur,Tamenglong,24.86469444,93.62116667,2010-06-01
19583,Manipur,Tamenglong,24.86297222,93.62397222,2010-06-01
19584,Manipur,Tamenglong,24.73133333,93.92738889,2010-03-21
23976,Mizoram,Aizawl,23.70213889,92.71822222,2011-05-15
24968,Nagaland,Tuensang,25.899999618530273,94.78916931152344,2009-06-14
24950,Nagaland,Tuensang,25.886669158935547,94.78639221191406,2009-06-14
25487,Nagaland,Tuensang,26.34416961669922,94.83332824707033,2009-06-13
25970,Nagaland,Tuensang,26.22633333,94.81302778,2012-06-15
25971,Nagaland,Tuensang,26.22480556,94.81236111,2012-06-26
25972,Nagaland,Tuensang,26.26336111,94.81563889,2012-06-23
25973,Nagaland,Tuensang,26.18302778,94.81619444,2012-05-18
25975,Nagaland,Kohima,25.68002778,94.07266667,2012-07-22
25976,Nagaland,Kohima,25.67005556,94.11299896240234,2012-07-24
25977,Nagaland,Kohima,25.68436111,94.20497222,2012-07-30
25979,Nagaland,Kohima,25.67275047302246,94.21136111,2012-08-01
26897,Tripura,Dhalai,23.899999618530273,91.75622222,2010-05-27
22921,Mizoram,Aizawl,23.73053889,92.716019,2018-06-15
25781,Nagaland,Chumoukedima,25.7802266,93.93616485595705,2024-08-27
25782,Nagaland,Chumoukedima,25.7746019,93.9148756,2024-08-27
20488,Meghalaya,East Khasi Hills,25.5667327,91.9146185,2024-09-27
20486,Meghalaya,West Jaintia Hills,25.47704743,92.16831285,2020-05-18
20489,Meghalaya,West Jaintia Hills,25.28422636,92.11294194,2020-06-19
25786,Nagaland,Kohima,25.623067,94.114196,2025-06-30
20603,Meghalaya,East Khasi Hills,25.65057222,91.89351389,2024-06-25
20609,Meghalaya,Eastern-West Khasi Hill,25.65443889,91.62390833,2025-05-23
20610,Meghalaya,Eastern-West Khasi Hill,25.65443889,91.63345833,2025-05-23
20611,Meghalaya,Eastern-West Khasi Hill,25.65977222,91.63440556,2025-05-23
20613,Meghalaya,East Khasi Hills,25.65341111,91.89819444,2024-06-24
20615,Meghalaya,Ri-Bhoi,25.67032222,91.90487222,2025-05-23
20618,Meghalaya,East Khasi Hills,25.30127778,91.92198889,2025-05-23
19601,Manipur,Noney,24.863924026489254,93.617853,2025-05-29
20595,Meghalaya,South West Khasi Hills,25.37129167,91.48003056,2024-06-08
20607,Meghalaya,East Khasi Hills,25.34508889,91.60050278,2024-05-21
20605,Meghalaya,East Khasi Hills,25.44693056,91.74096667,2024-05-21
20604,Meghalaya,East Khasi Hills,25.64887222,91.89692778,2024-06-25
20602,Meghalaya,East Khasi Hills,25.641242,91.894137,2024-06-25
20597,Meghalaya,West Khasi Hills,25.531739,91.296177,2024-06-25
842,Assam,Kamrup,25.757752,91.252285,2014-07-10
844,Assam,Kamrup,25.872268,91.213965,2014-09-16
845,Assam,Kamrup,26.2272613,91.6922458,2008-12-19
847,Assam,Kamrup,26.246980667114254,91.964383,2025-06-28
850,Assam,Dima Hasao,25.64851188659668,93.121528,2025-05-29
20625,Meghalaya,Ri-Bhoi,25.68591944,91.90256667,2024-06-23
20626,Meghalaya,Ri-Bhoi,25.71165556,91.89512778,2025-05-23
20627,Meghalaya,Ri-Bhoi,25.75297778,91.88535278,2025-05-23
20628,Meghalaya,Ri-Bhoi,25.79744444,91.87408611,2024-06-07
20630,Meghalaya,West Khasi Hills,25.62269444,91.16914444,2024-06-25
20632,Meghalaya,West Khasi Hills,25.66156667,91.13485278,2024-06-25
20633,Meghalaya,Eastern-West Khasi Hill,25.69150833,91.64160833,2025-05-22
20638,Meghalaya,Eastern-West Khasi Hill,25.69683611,91.64485556,2024-07-30
20647,Meghalaya,Eastern-West Khasi Hill,25.6900691986084,91.6708526611328,2025-06-04
20648,Meghalaya,Eastern-West Khasi Hill,25.733262,91.675754,2025-06-04
20649,Meghalaya,Eastern-West Khasi Hill,25.762051,91.658959,2024-05-22
20651,Meghalaya,Eastern-West Khasi Hill,25.791616439819336,91.658242,2024-05-22
20655,Meghalaya,South West Garo Hills,25.56742286682129,89.979711,2026-07-06
1938,Arunachal Pradesh,Papum Pare,27.105253219604492,93.825399,2024-06-11
1120,Arunachal Pradesh,Lower Subansiri,27.339267,93.802581,2016-07-09
1103,Arunachal Pradesh,Lower Subansiri,27.307071685791016,93.806008,2016-07-10
999,Arunachal Pradesh,Lower Subansiri,27.193425,93.780983,2016-07-09
1082,Arunachal Pradesh,Lower Subansiri,27.294885635375977,93.803328,2016-07-10
1049,Arunachal Pradesh,Lower Subansiri,27.254756,93.801303,2016-07-10
1042,Arunachal Pradesh,Lower Subansiri,27.246131,93.804711,2016-07-10
1033,Arunachal Pradesh,Lower Subansiri,27.23995018005371,93.806589,2016-07-10
1218,Arunachal Pradesh,Tawang,27.58741667,91.88694444,2016-04-15
1241,Arunachal Pradesh,Tawang,27.587417,91.886944,2016-04-15
1264,Arunachal Pradesh,Tawang,27.596639,91.878972,2016-04-16
1265,Arunachal Pradesh,Tawang,27.596639,91.878972,2016-04-16
878,Arunachal Pradesh,West Kameng,27.018342,92.6355972290039,2016-06-24
800,Assam,Kamrup,26.158193,91.755807,2025-05-30
35,Assam,Karimganj,24.710832595825195,92.481167,2010-05-27
474,Assam,Kamrup,26.11266708374023,91.853889,2018-08-17
243,Assam,Dima Hasao,25.229556,93.15560150146484,2010-03-26
521,Assam,Dima Hasao,26.20261001586914,91.14527893066406,2009-08-13
30,Assam,Cachar,24.645417,93.005361,2016-08-24
36,Assam,Cachar,24.721920013427734,92.90380859375,2020-05-29
808,Assam,Dima Hasao,25.366254806518555,92.823037,2022-05-07
664,Assam,Dima Hasao,25.164270401000977,92.99787902832033,2022-05-08
805,Assam,Dima Hasao,25.117665,92.847709,2022-05-07
623,Assam,Dima Hasao,25.167360305786133,93.00952911376952,2022-05-08
632,Assam,Dima Hasao,25.165790557861328,93.00948333740234,2022-05-07
633,Assam,Dima Hasao,25.15859031677246,93.0129165649414,2022-05-07
624,Assam,Dima Hasao,25.16023063659668,93.0108413696289,2022-05-07
787,Assam,Dima Hasao,25.17622947692871,93.01325988769533,2022-05-07
785,Assam,Dima Hasao,25.189189910888672,93.02117919921876,2022-05-08
779,Assam,Dima Hasao,25.17136001586914,93.01101684570312,2022-05-07
647,Assam,Dima Hasao,25.168039321899418,93.02503204345705,2022-05-07
640,Assam,Dima Hasao,25.15555953979492,93.021583,2022-05-07
783,Assam,Dima Hasao,25.17741584777832,93.00975036621094,2022-05-09
655,Assam,Dima Hasao,25.174829483032227,93.019861,2022-05-08
656,Assam,Dima Hasao,25.1568056,93.019722,2022-05-06
667,Assam,Dima Hasao,25.165529251098633,93.02172088623048,2022-05-08
666,Assam,Dima Hasao,25.162667,93.009806,2022-05-07
722,Assam,Dima Hasao,25.17638889,93.11613889,2016-05-15
672,Assam,Dima Hasao (N.C. Hills),25.15713889,93.01719444,2016-05-20
643,Assam,Dima Hasao (N.C. Hills),25.24194444,93.14319444,2016-05-15
683,Assam,Dima Hasao (N.C. Hills),25.14872222,93.03191667,2016-05-10
8,Assam,Hailakandi,24.478972,92.682861,2016-05-10
776,Assam,Kamrup (Metro),26.191600799560547,91.8036117553711,2022-06-09
762,Assam,Kamrup (Metro),26.17672222,91.76525115966795,2017-06-06
731,Assam,Kamrup (Metro),26.15805556,91.71258333,2019-07-09
730,Assam,Kamrup (Metro),26.19236111,91.78080556,2019-07-03
773,Assam,Kamrup (Metro),26.19330556,91.77725219726562,2020-06-21
504,Assam,Kamrup (Metro),26.177560806274418,91.7658920288086,2017-06-06
490,Assam,Kamrup (Metro),26.154279708862305,91.79264068603516,2017-06-06
503,Assam,Kamrup (Metro),26.176719665527344,91.76525115966795,2017-06-06
18354,Manipur,Chandel,24.406389236450195,94.06582641601562,2007-08-31
19515,Manipur,Senapati,25.472169876098633,94.15432739257812,2007-09-02
19016,Manipur,Tamenglong,24.993059158325195,93.49749755859376,2007-08-21
18803,Manipur,Tamenglong,24.848329544067383,93.45916748046876,2008-06-12
18759,Manipur,Tamenglong,24.832780838012695,93.4633331298828,2008-06-24
18718,Manipur,Tamenglong,24.817779541015625,93.51583099365234,2007-09-03
18997,Manipur,Tamenglong,24.98611068725586,93.50582885742188,2007-08-17
19011,Manipur,Tamenglong,24.99082946777344,93.50582885742188,2007-08-21
19012,Manipur,Tamenglong,24.99082946777344,93.50582885742188,2007-08-21
20504,Meghalaya,East Jaintia Hills,25.04805374145508,92.409245,2025-05-04
20606,Meghalaya,East Khasi Hills,25.41384722,91.67856111,2024-05-21
20612,Meghalaya,East Khasi Hills,25.65308889,91.89803889,2024-06-24
20600,Meghalaya,East Khasi Hills,25.630403,91.8899195,2024-05-21
20601,Meghalaya,East Khasi Hills,25.630858,91.887601,2024-05-21
20499,Meghalaya,East Khasi Hills,25.465167,91.824944,2025-05-23
20501,Meghalaya,East Khasi Hills,25.43480556,91.85952778,2025-05-23
20502,Meghalaya,East Khasi Hills,25.48716667,91.81936111,2025-05-23
20503,Meghalaya,East Khasi Hills,25.45689582824707,91.826145,2025-05-23
20593,Meghalaya,Eastern-West Khasi Hill,25.55256111,91.61870278,2024-06-21
20622,Meghalaya,South West Khasi Hills,25.28247222,91.36413333,2025-05-23
20634,Meghalaya,Eastern-West Khasi Hill,25.69517778,91.64123611,2025-05-23
20635,Meghalaya,Eastern-West Khasi Hill,25.69688611,91.64176667,2025-06-18
20636,Meghalaya,Eastern-West Khasi Hill,25.70087778,91.642902,2024-10-01
20637,Meghalaya,Eastern-West Khasi Hill,25.69866667,91.64517222,2024-07-30
20639,Meghalaya,Eastern-West Khasi Hill,25.69523333,91.64426944,2025-05-23
20640,Meghalaya,Eastern-West Khasi Hill,25.69463611,91.64577778,2025-05-23
20642,Meghalaya,Eastern-West Khasi Hill,25.68690556,91.64915278,2025-05-21
20646,Meghalaya,Eastern-West Khasi Hill,25.68822222,91.66746111,2025-06-04
20650,Meghalaya,Eastern-West Khasi Hill,25.77093505859375,91.656497,2024-05-22
20652,Meghalaya,Eastern-West Khasi Hill,25.803983688354492,91.659801,2024-08-21
20614,Meghalaya,Ri-Bhoi,25.663150787353516,91.90180278,2025-05-23
20616,Meghalaya,Ri-Bhoi,25.67517222,91.89830017089844,2024-06-23
20620,Meghalaya,Ri-Bhoi,25.67761389,91.89865833,2025-05-23
20624,Meghalaya,Ri-Bhoi,25.68255833,91.90111389,2024-06-23
20629,Meghalaya,Ri-Bhoi,25.80725833,91.87509444,2024-07-07
20608,Meghalaya,South West Khasi Hills,25.619397,91.6170425415039,2025-05-23
20623,Meghalaya,South West Khasi Hills,25.28090556,91.36584722,2025-05-23
20491,Meghalaya,South West Khasi Hills,25.29966926574707,91.4610824584961,2024-06-08
20492,Meghalaya,South West Khasi Hills,25.29667091369629,91.4598617553711,2024-06-10
20493,Meghalaya,South West Khasi Hills,25.29750061035156,91.461669921875,2024-06-10
20495,Meghalaya,South West Khasi Hills,25.297779083251953,91.459716796875,2024-06-08
20494,Meghalaya,South West Khasi Hills,25.29738998413086,91.4620132446289,2024-06-10
20598,Meghalaya,West Khasi Hills,25.540056228637695,91.314142,2024-06-25
20599,Meghalaya,East Khasi Hills,25.62790278,91.88801944,2024-05-21
20631,Meghalaya,West Khasi Hills,25.61276111,91.17375278,2024-06-25
19995,Meghalaya,East Jaintia Hills,25.37539167,92.431275,2024-05-21
20581,Meghalaya,East Khasi Hills,25.44835090637207,91.59150278,2022-06-08
20582,Meghalaya,East Khasi Hills,25.44743611,91.59103889,2022-06-08
20583,Meghalaya,East Khasi Hills,25.44716111,91.59067778,2022-06-08
19885,Meghalaya,East Khasi Hills,25.28236861,91.73874417,2024-05-23
20587,Meghalaya,East Khasi Hills,25.35861111,91.97208333,2022-03-28
20588,Meghalaya,East Khasi Hills,25.35908333,91.97433333,2022-03-28
20547,Meghalaya,East Khasi Hills,25.23211111,91.37252778,2019-06-20
20548,Meghalaya,East Khasi Hills,25.22194444,91.38422222,2019-06-20
20551,Meghalaya,East Khasi Hills,25.18688889,91.39855556,2019-06-20
20350,Meghalaya,Ri-Bhoi,25.663444,91.915944,2017-06-10
20578,Meghalaya,West Garo Hills,25.38163333,90.06033889,2022-06-02
20575,Meghalaya,South Garo Hills,25.36103333,91.64700833,2022-06-10
20579,Meghalaya,South Garo Hills,25.45939722,90.70860278,2022-06-10
20580,Meghalaya,South Garo Hills,25.45903056,90.70813333,2022-06-10
20577,Meghalaya,South Garo Hills,25.21022222,90.63220278,2022-06-10
20553,Meghalaya,West Jaintia Hills,25.44233333,92.19447222,2020-05-19
20554,Meghalaya,West Jaintia Hills,25.44177778,92.19558333,2020-05-19
20557,Meghalaya,West Jaintia Hills,25.43505556,92.19836111,2020-05-19
20559,Meghalaya,West Jaintia Hills,25.45075035095215,92.19452778,2020-05-19
20591,Meghalaya,West Khasi Hills,25.52901389,91.26188611,2023-06-10
19902,Meghalaya,East Khasi Hills,25.300389,91.726722,2009-06-22
20204,Meghalaya,East Khasi Hills,25.566669464111328,91.90193939208984,2007-09-01
20142,Meghalaya,East Khasi Hills,25.54261016845703,92.10867309570312,2009-06-24
20143,Meghalaya,Jaintia Hills,25.54261016845703,92.09841918945312,2009-06-24
20055,Meghalaya,Jaintia Hills,25.435609817504883,91.862056,2009-07-10
19737,Meghalaya,West Khasi Hills,25.201000213623047,91.23400115966795,2008-08-05
19739,Meghalaya,West Khasi Hills,25.20282936096191,91.2090835571289,2008-08-03
20112,Meghalaya,West Khasi Hills,25.519729614257812,91.28443145751952,2007-07-18
20099,Meghalaya,West Khasi Hills,25.506669998168945,91.2831802368164,2007-07-12
19916,Meghalaya,West Khasi Hills,25.31488037109375,91.33367156982422,2007-07-12
19923,Meghalaya,West Khasi Hills,25.318479537963867,91.45262145996094,2007-07-12
20064,Meghalaya,West Khasi Hills,25.444650650024418,91.34622192382812,2007-07-10
20014,Meghalaya,West Khasi Hills,25.388029098510746,91.4697723388672,2007-06-09
20047,Meghalaya,West Khasi Hills,25.424999237060547,91.40499877929688,2007-08-11
20035,Meghalaya,West Khasi Hills,25.40130043029785,91.45854949951172,2007-08-11
20033,Meghalaya,West Khasi Hills,25.400230407714844,91.51589965820312,2007-06-09
20036,Meghalaya,South Garo hills,25.403061,90.724166,2007-08-11
23953,Mizoram,Aizawl,24.285871,92.94599151611328,2025-06-07
23955,Mizoram,Aizawl,24.354658126831055,92.925511,2025-05-22
22970,Mizoram,Aizawl,24.18561111,92.94536111,2013-08-08
22994,Mizoram,Aizawl,23.86638889,92.88138889,2022-09-25
23014,Mizoram,Aizawl,23.54380556,92.70136111,2023-07-30
23016,Mizoram,Aizawl,23.53986111,92.70063889,2023-07-30
23019,Mizoram,Aizawl,23.52972222,92.69611111,2023-07-27
23020,Mizoram,Aizawl,23.49991667,92.70136111,2023-05-26
22953,Mizoram,Aizawl,24.27138889,92.95999908447266,2023-07-17
23095,Mizoram,Aizawl,23.73305556,92.75,2024-07-15
23099,Mizoram,Aizawl,23.74916667,92.7375030517578,2024-06-23
23109,Mizoram,Aizawl,23.73888889,92.71472222,2024-08-14
23117,Mizoram,Aizawl,23.74194444,92.71305556,2024-08-14
23118,Mizoram,Aizawl,23.74388889,92.71222222,2024-07-13
23119,Mizoram,Aizawl,23.74722222,92.71805556,2024-06-25
23130,Mizoram,Aizawl,23.69972222,92.71749877929688,2024-06-13
23138,Mizoram,Aizawl,23.70249938964844,92.72138889,2024-06-25
23139,Mizoram,Aizawl,23.69805556,92.72277778,2024-06-25
23140,Mizoram,Aizawl,23.69361111,92.72250366210938,2024-06-21
23210,Mizoram,Aizawl,23.61583333,92.79111111,2023-09-16
23222,Mizoram,Aizawl,23.60111111,92.75888889,2024-05-19
23252,Mizoram,Aizawl,23.56555556,92.7074966430664,2024-07-12
23265,Mizoram,Aizawl,23.53805556,92.71861111,2024-05-22
23295,Mizoram,Aizawl,23.51944444,92.70055556,2024-09-18
23334,Mizoram,Aizawl,23.54166667,92.66472222,2023-08-05
23430,Mizoram,Aizawl,23.66194444,92.85416667,2024-11-05
23435,Mizoram,Aizawl,23.71388889,92.85722222,2024-06-25
23460,Mizoram,Aizawl,23.73694444,92.81361111,2024-06-25
23470,Mizoram,Aizawl,23.72916667,92.76583333,2024-06-25
23473,Mizoram,Aizawl,23.73222222,92.76555556,2024-06-25
23477,Mizoram,Aizawl,23.737499237060547,92.78805556,2024-06-25
23480,Mizoram,Aizawl,23.73388889,92.79388889,2024-06-25
23482,Mizoram,Aizawl,23.72138889,92.79944444,2024-06-25
23483,Mizoram,Aizawl,23.72138889,92.85777778,2024-06-25
23484,Mizoram,Aizawl,23.72083333,92.86472222,2024-06-25
23487,Mizoram,Aizawl,23.71166667,92.87833333,2024-06-25
23488,Mizoram,Aizawl,23.71111111,92.87861111,2024-06-21
23489,Mizoram,Aizawl,23.70333333,92.87638889,2024-07-11
23494,Mizoram,Aizawl,23.73361111,92.84833333,2024-05-31
23496,Mizoram,Aizawl,23.73500061035156,92.85666667,2024-06-25
23497,Mizoram,Aizawl,23.73666667,92.85611111,2024-06-25
23499,Mizoram,Aizawl,23.74416667,92.85555556,2024-09-18
23500,Mizoram,Aizawl,23.74361111,92.85416667,2024-09-18
23501,Mizoram,Aizawl,23.76111111,92.84777778,2024-06-25
23502,Mizoram,Aizawl,23.76166667,92.85083333,2024-06-25
23506,Mizoram,Aizawl,23.77400016784668,92.8479995727539,2024-06-21
23509,Mizoram,Aizawl,23.77166667,92.84805556,2023-07-16
23519,Mizoram,Aizawl,23.83277778,92.8324966430664,2024-06-25
23523,Mizoram,Aizawl,23.86222222,92.83666667,2024-06-25
23525,Mizoram,Aizawl,23.87777778,92.84083333,2024-09-18
23527,Mizoram,Aizawl,23.89277778,92.85083333,2024-09-21
23528,Mizoram,Aizawl,23.89138889,92.84888889,2024-06-25
23533,Mizoram,Aizawl,24.03503889,93.54139444,2024-09-21
23535,Mizoram,Aizawl,24.04531667,93.49220278,2024-09-30
23536,Mizoram,Aizawl,24.090024948120117,93.54191667,2024-09-30
23537,Mizoram,Aizawl,24.10864167,93.54198333,2024-09-21
23538,Mizoram,Aizawl,24.12682222,93.54013889,2024-09-21
23540,Mizoram,Aizawl,24.17180556,93.54406667,2024-06-25
23541,Mizoram,Aizawl,24.18291667,93.53441944,2024-06-25
23542,Mizoram,Aizawl,24.18566111,93.53935278,2024-06-25
23543,Mizoram,Aizawl,24.24449722,93.55275833,2024-06-25
23544,Mizoram,Aizawl,24.24755556,93.54809722,2024-06-25
23545,Mizoram,Aizawl,24.28840278,93.58591389,2024-08-06
23546,Mizoram,Aizawl,24.29982222,93.59040833,2024-08-06
23547,Mizoram,Aizawl,24.30768611,93.58120556,2024-08-06
23549,Mizoram,Aizawl,24.33915833,93.66233611,2024-08-06
23550,Mizoram,Aizawl,24.33331944,93.65702778,2024-08-06
23551,Mizoram,Aizawl,24.33300556,93.65357222,2024-09-21
23552,Mizoram,Aizawl,24.330900192260746,93.66054444,2024-08-06
23554,Mizoram,Aizawl,24.39255556,93.65468611,2024-08-06
23558,Mizoram,Aizawl,24.48458889,93.58781944,2024-08-06
23560,Mizoram,Aizawl,24.51785556,93.55086944,2024-08-06
23562,Mizoram,Aizawl,24.52308611,93.57206944,2024-09-21
23563,Mizoram,Aizawl,24.48338333,93.58848056,2024-09-21
23580,Mizoram,Aizawl,23.09758333,93.21623333,2024-06-25
23581,Mizoram,Aizawl,23.10851389,93.20974731445312,2024-06-21
23583,Mizoram,Aizawl,23.10192489624023,93.20426111,2024-06-25
23584,Mizoram,Aizawl,23.10184722,93.20138889,2024-09-21
23587,Mizoram,Aizawl,23.09759444,93.21089444,2024-06-25
23590,Mizoram,Aizawl,23.10100556,93.19393611,2024-06-25
23591,Mizoram,Aizawl,23.10074722,93.18785278,2024-06-25
23592,Mizoram,Aizawl,23.09954722,93.18600278,2024-06-25
23595,Mizoram,Aizawl,23.09830093383789,93.17597222,2024-06-25
23598,Mizoram,Aizawl,23.25828611,93.15288333,2024-11-21
23599,Mizoram,Aizawl,23.26126111,93.15070556,2024-11-21
23600,Mizoram,Aizawl,23.25951944,93.15917222,2024-09-21
23601,Mizoram,Aizawl,23.27598056,93.14351667,2024-06-25
23603,Mizoram,Aizawl,23.28107452392578,93.144075,2024-06-25
23604,Mizoram,Aizawl,23.32829167,93.12184167,2024-09-21
23605,Mizoram,Aizawl,23.33529167,93.11214167,2024-06-25
23623,Mizoram,Aizawl,23.34297778,93.057775,2024-09-06
23624,Mizoram,Aizawl,23.35406111,93.04156111,2024-09-21
23625,Mizoram,Aizawl,23.35958611,93.04477222,2024-09-21
23679,Mizoram,Aizawl,23.24231111,93.17726667,2024-07-10
23681,Mizoram,Aizawl,23.24454722,93.17027222,2024-07-12
23682,Mizoram,Aizawl,23.20960722,93.13104722,2024-06-25
23683,Mizoram,Aizawl,23.21068583,93.1212325,2024-06-25
23722,Mizoram,Aizawl,23.758901,92.730863,2025-05-23
23986,Mizoram,Aizawl,23.468799591064453,92.7208023071289,2024-12-26
23720,Mizoram,Aizawl,23.730243,92.75602722167967,2025-05-23
23734,Mizoram,Aizawl,23.336229,92.787113,2025-05-23
23945,Mizoram,Khawzawl,23.54405212402344,93.155591,2025-06-07
23946,Mizoram,Khawzawl,23.545766,93.147931,2025-06-07
23947,Mizoram,Khawzawl,23.526599884033203,93.192968,2025-06-07
23024,Mizoram,Kolasib,23.93194444,92.65222222,2023-09-10
23026,Mizoram,Kolasib,23.05805556,92.67583333,2023-08-05
23028,Mizoram,Kolasib,23.05222222,92.67027778,2023-09-05
23030,Mizoram,Kolasib,23.03016667,92.67336111,2023-09-05
23031,Mizoram,Kolasib,23.02280556,92.67255556,2023-09-10
23565,Mizoram,Kolasib,24.48857222,93.36792222,2024-09-21
23566,Mizoram,Kolasib,24.54263333,93.39741944,2024-08-11
23569,Mizoram,Kolasib,24.60372222,93.37223056,2024-06-25
23570,Mizoram,Kolasib,24.66895556,93.33700556,2024-06-25
23573,Mizoram,Kolasib,24.73838889,93.30909722,2024-08-11
23574,Mizoram,Kolasib,24.72074444,93.30899167,2024-06-25
23575,Mizoram,Kolasib,24.716224670410156,93.32551389,2024-08-11
23576,Mizoram,Kolasib,24.70553333,93.33064167,2024-09-21
23578,Mizoram,Kolasib,24.60853333,93.41668333,2024-08-11
23606,Mizoram,Kolasib,23.41421944,93.10569167,2024-08-06
23613,Mizoram,Kolasib,23.56785011291504,93.10472222,2024-09-05
23615,Mizoram,Kolasib,23.56233889,93.11890833,2024-09-05
23619,Mizoram,Kolasib,23.56145278,93.10908889,2024-09-05
23622,Mizoram,Kolasib,23.535600662231445,93.10656944,2024-09-06
23643,Mizoram,Kolasib,24.02782222,93.28944444,2024-06-25
23644,Mizoram,Kolasib,24.04014167,93.29149627685548,2024-06-25
23645,Mizoram,Kolasib,24.03980278,93.29373889,2024-06-25
23646,Mizoram,Kolasib,24.05823611,93.28901944,2024-06-25
23663,Mizoram,Kolasib,24.04014167,93.29149627685548,2024-06-25
23667,Mizoram,Kolasib,24.57151389,93.141725,2024-06-25
23668,Mizoram,Kolasib,24.56917222,93.14073611,2024-06-25
23671,Mizoram,Kolasib,24.08927222,93.12408611,2024-09-21
23672,Mizoram,Kolasib,24.10641389,93.12339944,2024-09-21
23685,Mizoram,Kolasib,23.504575,93.23805236816406,2024-07-10
23686,Mizoram,Kolasib,24.15364444,93.02183611,2024-05-31
23699,Mizoram,Kolasib,24.65409167,93.204625,2024-07-10
23700,Mizoram,Kolasib,24.65018056,93.20256667,2024-07-10
23702,Mizoram,Kolasib,24.62604722,93.22583889,2024-06-05
23704,Mizoram,Kolasib,24.57747459411621,93.19104766845705,2024-10-15
23706,Mizoram,Kolasib,24.57159996032715,93.17273056,2024-06-05
23709,Mizoram,Kolasib,24.576799392700195,93.106075,2024-06-05
24048,Mizoram,Lunglei,23.164812088012695,92.743396,2025-05-26
24105,Mizoram,Lunglei,23.105649948120117,92.745979,2025-05-23
24107,Mizoram,Lunglei,23.104623,92.747711,2025-05-25
24072,Mizoram,Lunglei,23.1414737701416,92.750577,2025-05-22
24074,Mizoram,Lunglei,23.1398868560791,92.751646,2025-05-23
23750,Mizoram,Lunglei,23.183856,92.735346,2025-05-23
23789,Mizoram,Lunglei,22.895235061645508,92.747812,2025-05-26
23999,Mizoram,Serchhip,23.239287,92.74817657470705,2025-05-26
23843,Mizoram,Serchhip,23.293453216552734,92.858089,2025-05-23
23804,Mizoram,Serchhip,23.19340133666992,92.900218,2025-05-22
23770,Mizoram,Siaha,22.44437599182129,92.947323,2025-05-23
22177,Mizoram,Aizawl,23.751693725585938,92.731528,2007-09-01
20231,Meghalaya,East Khasi Hills,25.57822036743164,91.86544799804688,2014-09-16
20469,Meghalaya,Ri-Bhoi,26.002939224243164,91.8669204711914,2014-09-16
20460,Meghalaya,Ri-Bhoi,25.97256088256836,91.86241912841795,2014-09-28
20452,Meghalaya,Ri-Bhoi,25.95846939086914,91.85405731201172,2014-09-16
19559,Manipur,Bishnupur,24.524125,93.816333,2024-07-25
19560,Manipur,Bishnupur,24.51705551147461,93.817056,2024-07-26
19217,Manipur,Kangpokpi,25.146528244018555,93.941722,2017-05-28
18988,Manipur,Tamenglong,24.983806,93.497528,2018-06-15
22755,Mizoram,Aizawl,23.64638889,92.72638889,2023-09-25
25794,Nagaland,Chumoukedima,25.78529930114746,93.80139923095705,2024-08-27
25793,Nagaland,Kohima,25.612499237060547,94.127197265625,2024-06-29
25796,Nagaland,Wokha,26.111335,94.257114,2024-07-08
24466,Nagaland,Kohima,25.660829544067383,94.102783203125,2008-07-26
24491,Nagaland,Kohima,25.666669845581055,94.1097183227539,2007-08-05
24516,Nagaland,Kohima,25.669170379638672,94.1072235107422,2008-08-09
25506,Nagaland,Tuensang,26.387779235839844,94.8258285522461,2009-08-13
25499,Nagaland,Tuensang,26.37639045715332,94.84056091308594,2009-06-13
25802,Nagaland,Kohima,25.770055,93.937873,2022-10-08
25803,Nagaland,Kohima,25.771451,93.907041,2022-09-23
25853,Nagaland,Kohima,25.76618333,93.94043611,2023-09-01
24660,Nagaland,Kohima,25.716110229492188,94.08882904052734,2013-06-26
25800,Nagaland,Kohima,25.7491204,94.0804548,2022-09-18
25807,Nagaland,Kohima,25.770064,93.937891,2022-11-05
25868,Nagaland,Kohima,25.66754722,94.08075278,2023-09-25
25907,Nagaland,Kohima,25.85442778,94.15844444,2018-08-16
25908,Nagaland,Kohima,25.857991,94.159346,2018-08-16
25911,Nagaland,Kohima,25.520360946655273,94.1311201,2024-05-25
25912,Nagaland,Kohima,25.52164077758789,94.13426208496094,2024-05-25
25914,Nagaland,Kohima,25.525094,94.135798,2024-05-25
25915,Nagaland,Kohima,25.538421630859375,94.136039,2024-05-25
25916,Nagaland,Kohima,25.565099716186523,94.1390034,2024-05-25
25918,Nagaland,Kohima,25.62154006958008,94.11219787597656,2024-05-25
25919,Nagaland,Kohima,25.6291966,94.10176849365234,2024-05-25
25920,Nagaland,Kohima,25.638700485229492,94.10978698730467,2024-05-25
25921,Nagaland,Kohima,25.648759,94.10616302490234,2024-05-25
25922,Nagaland,Kohima,25.660900115966797,94.05359649658205,2024-08-16
26810,Sikkim,Mangan,27.443199157714844,88.60870361328125,2024-07-14
26745,Sikkim,East Sikkim,27.2533846,88.5489504,2021-08-15
26797,Sikkim,East Sikkim,27.24297222,88.47055556,2022-06-08
26736,Sikkim,East Sikkim,27.27458333,88.55002778,2021-10-12
26767,Sikkim,East Sikkim,27.32320833,88.60986944,2021-10-12
26752,Sikkim,East Sikkim,27.32663889,88.61016667,2021-05-25
26755,Sikkim,East Sikkim,27.37055556,88.61611111,2021-05-29
26816,Sikkim,East Sikkim,27.26063889,88.71438889,2012-05-31
26817,Sikkim,East Sikkim,27.26616667,88.72697222,2012-05-31
26818,Sikkim,East Sikkim,27.26544444,88.72252778,2012-05-31
26821,Sikkim,North Sikkim,27.59027778,88.65394444,2012-06-19
26822,Sikkim,North Sikkim,27.57502778,88.65402778,2012-06-15
26823,Sikkim,North Sikkim,27.56111111,88.65452778,2012-06-15
26825,Sikkim,North Sikkim,27.56941667,88.65272222,2012-06-15
26784,Sikkim,Soreng,27.14871944,88.28128889,2022-11-13
26827,Sikkim,North Sikkim,27.51444444,88.56777778,2009-05-02
26714,Sikkim,East Sikkim,27.332080841064453,88.50901794433594,2015-07-04
26792,Sikkim,Pakyong,27.21391667,88.60833333,2022-08-18
26798,Sikkim,Geyzing,27.19950556,88.32696111,2022-08-13
26806,Sikkim,Mangan,27.40251944,88.51868056,2023-09-27
26802,Sikkim,Pakyong,27.17748333,88.52165833,2023-09-27
26781,Sikkim,Namchi,27.288469314575195,88.3013916015625,2022-07-03
26903,Tripura,South Tripura,23.22966667,91.49532222,2021-08-18
26850,Tripura,West Tripura,23.854169845581055,91.34361267089844,2009-07-03
26814,Sikkim,West district,27.29166667,88.22000122070312,2011-06-17
26815,Sikkim,West district,27.28777778,88.23277778,2011-06-17
26757,Sikkim,South Sikkim,27.3250091,88.4704442,2021-08-16
26740,Sikkim,East Sikkim,27.3699335,88.4859279,2021-08-16
1940,Arunachal Pradesh,Papum Pare,27.12113571166992,93.762164,2024-06-11
488,Assam,Kamrup (Metro),26.1505375,91.72798139,2023-06-10
801,Assam,Kamrup,26.16618537902832,91.7146987915039,2025-05-28
802,Assam,Kamrup,26.166160583496097,91.713803,2025-05-28
803,Assam,Kamrup,26.1629695892334,91.70590209960938,2025-05-29
519,Assam,Kamrup (Metro),26.19622039794922,91.76335906982422,2011-03-16
813,Assam,Dima Hasao,25.316197,93.006158,2022-06-09
642,Assam,Dima Hasao,25.158138275146484,93.024778,2022-05-08
649,Assam,Dima Hasao,25.16808319091797,93.024922,2022-05-07
15,Assam,Hailakandi,24.51594352722168,92.540889,2016-05-11
777,Assam,Kamrup (Metro),26.193220138549805,91.77033233642578,2022-06-09
778,Assam,Kamrup (Metro),26.187889099121097,91.79492950439452,2022-06-10
729,Assam,Kamrup (Metro),26.19244444,91.76422222,2016-07-13
774,Assam,Kamrup (Metro),26.09150556,91.87898611,2020-07-05
38,Assam,Karimganj,24.78002778,92.45372222,2020-05-26
39,Assam,Karimganj,24.78380556,92.45563889,2020-05-26
506,Assam,Kamrup (Metro),26.188419342041016,91.85124969482422,2017-06-09
19558,Manipur,Tamenglong,24.979000091552734,93.49600219726562,2024-07-22
20643,Meghalaya,Eastern-West Khasi Hill,25.688833236694336,91.653639,2025-06-18
20496,Meghalaya,Ri-Bhoi,25.8090877532959,91.875238,2025-06-29
20497,Meghalaya,Ri-Bhoi,25.781246185302734,91.874475,2024-06-29
20592,Meghalaya,West Jaintia Hills,25.41955556,92.16194444,2023-08-03
23954,Mizoram,Aizawl,24.288014,92.946017,2025-06-07
23012,Mizoram,Aizawl,23.58591667,92.71777778,2023-07-18
23013,Mizoram,Aizawl,23.55944444,92.70833333,2023-06-29
23018,Mizoram,Aizawl,23.53333333,92.69722222,2023-07-26
23196,Mizoram,Aizawl,23.60972222,92.79972222,2024-06-25
23503,Mizoram,Aizawl,23.76527778,92.8499984741211,2024-06-25
23504,Mizoram,Aizawl,23.76861111,92.85138889,2024-06-25
23520,Mizoram,Aizawl,23.83888889,92.83194444,2024-06-25
23522,Mizoram,Aizawl,23.85194444,92.83305556,2024-09-18
23524,Mizoram,Aizawl,23.87694444,92.83999633789062,2024-06-25
23529,Mizoram,Aizawl,23.89305556,92.84722222,2024-09-21
23530,Mizoram,Aizawl,23.88361111,92.85305556,2024-08-10
23531,Mizoram,Aizawl,23.88527778,92.85749816894533,2024-09-18
23532,Mizoram,Aizawl,23.76972222,92.76000213623048,2024-06-25
23534,Mizoram,Aizawl,24.05808333,93.49808333,2024-09-30
23539,Mizoram,Aizawl,24.12715278,93.53351389,2024-09-30
23548,Mizoram,Aizawl,24.30711944,93.59375833,2024-08-06
23556,Mizoram,Aizawl,24.49112222,93.62215556,2024-08-06
23559,Mizoram,Aizawl,24.49282455444336,93.58643611,2024-09-21
23027,Mizoram,Kolasib,23.04750061035156,92.67166667,2023-09-05
23564,Mizoram,Kolasib,24.450124740600582,93.35963889,2024-08-01
23567,Mizoram,Kolasib,24.60002222,93.37166389,2024-10-14
23568,Mizoram,Kolasib,24.60067222,93.37223056,2024-10-14
23572,Mizoram,Kolasib,24.76606111,93.30076667,2024-08-06
23577,Mizoram,Kolasib,24.60719444,93.46784722,2024-08-12
23608,Mizoram,Kolasib,23.50882222,93.09170278,2024-06-25
23609,Mizoram,Kolasib,23.54130278,93.10256944,2024-09-05
23610,Mizoram,Kolasib,23.54600556,93.09247222,2024-09-05
23611,Mizoram,Kolasib,23.54286944,93.08539722,2024-09-05
23612,Mizoram,Kolasib,23.56332778,93.10553333,2024-10-15
23614,Mizoram,Kolasib,23.56413333,93.11378889,2024-09-05
23617,Mizoram,Kolasib,23.56238611,93.12376667,2024-09-05
23618,Mizoram,Kolasib,23.56404167,93.10752222,2024-09-05
23620,Mizoram,Kolasib,23.55881111,93.10900556,2024-09-05
23648,Mizoram,Kolasib,24.12428889,93.318525,2024-06-25
23687,Mizoram,Kolasib,24.15817222,93.02488611,2024-09-21
23688,Mizoram,Kolasib,24.23419444,93.02469167,2024-09-21
23689,Mizoram,Kolasib,24.32836667,93.00923056,2024-09-21
23701,Mizoram,Kolasib,24.627300262451172,93.20404444,2024-07-10
24002,Mizoram,Lunglei,23.230113983154297,92.740067,2025-05-26
24003,Mizoram,Lunglei,23.229731,92.73967742919922,2025-05-17
24004,Mizoram,Lunglei,23.226842880249023,92.740266,2025-05-26
23752,Mizoram,Lunglei,23.181806,92.736868,2025-05-23
23842,Mizoram,Serchhip,23.298137,92.857412,2025-05-22
20538,Meghalaya,Ri-Bhoi,25.67469444,91.88652778,2011-06-19
20474,Meghalaya,Ri-Bhoi,26.025470733642575,91.87158203125,2014-09-13
19575,Manipur,TAMENGLONG,24.98500061035156,93.52113889,2011-05-24
23979,Mizoram,Aizawl,23.60830556,92.85058333,2016-09-10
25797,Nagaland,Wokha,26.08945083618164,94.264217,2024-07-16
24795,Nagaland,Dimapur,25.784170150756836,93.80027770996094,2013-07-09
24751,Nagaland,Dimapur,25.769390106201172,93.8027801513672,2013-07-09
25923,Nagaland,Mokokchung,26.45277976989746,94.37525939941406,2025-07-01
25924,Nagaland,Mokokchung,26.423137,94.382261,2025-06-30
1219,Arunachal Pradesh,Tawang,27.58741667,91.88694444,2016-04-15
1220,Arunachal Pradesh,Tawang,27.59152778,91.88044444,2016-04-16
22919,Mizoram,Aizawl,23.70827778,92.71711111,2022-07-16
25211,Nagaland,Wokha,26.10694722,94.25328889,2021-09-11
25963,Nagaland,Wokha,26.10694722,94.25328889,2021-09-11
25784,Nagaland,Tseminyu,25.8816564,94.1902346,2025-01-12
20490,Meghalaya,West Jaintia Hills,25.2842285,92.11314877,2020-05-19
25788,Nagaland,Mokokchung,26.4219453,94.3854377,2025-06-30
25789,Nagaland,Mokokchung,26.4242282,94.3924136,2025-06-28
25790,Nagaland,Mokokchung,26.42608070373535,94.398916,2025-06-30
20619,Meghalaya,Ri-Bhoi,25.67546111,91.89726944,2024-06-23
1771,Arunachal Pradesh,Lower Dibang Valley,28.38919722,95.92776111,2024-04-17
1941,Arunachal Pradesh,Lower Dibang Valley,28.38919722,95.92776111,2024-04-17
650,Assam,Dima Hasao (N.C. Hills),25.27480556,93.14555556,2016-05-15
775,Assam,Kamrup (Metro),26.21305556,91.69249725341795,2020-06-19
18802,Manipur,Tamenglong,24.848329544067383,93.45916748046876,2007-09-05
20500,Meghalaya,East Khasi Hills,25.422278,91.867694,2025-05-23
19924,Meghalaya,East Khasi Hills,25.32083320617676,91.92749786376952,2007-07-12
19917,Meghalaya,East Khasi Hills,25.315176010131836,91.923021,2007-07-12
20038,Meghalaya,East Khasi Hills,25.40791702270508,91.998889,2007-08-11
20641,Meghalaya,Eastern-West Khasi Hill,25.68698889,91.64812222,2025-05-21
19658,Meghalaya,East Jaintia Hills,25.091779708862305,92.3546905517578,2018-04-30
20097,Meghalaya,East Khasi Hills,25.50368056,91.72342222,2007-07-12
19895,Meghalaya,East Khasi Hills,25.29599952697754,91.93199920654295,2022-03-28
20550,Meghalaya,East Khasi Hills,25.18766667,91.39816667,2019-06-20
20148,Meghalaya,East Khasi Hills,25.54327964782715,92.1047821044922,2009-06-24
20144,Meghalaya,East Khasi Hills,25.542640686035156,92.10214233398438,2009-06-24
20096,Meghalaya,West Khasi Hills,25.50334930419922,91.2833480834961,2007-07-18
22907,Mizoram,Hnahthial,22.91452778,92.89333333,2022-11-07
23011,Mizoram,Aizawl,23.58388889,92.71722222,2023-08-01
23015,Mizoram,Aizawl,23.54027778,92.70138889,2023-07-30
23017,Mizoram,Aizawl,23.53499984741211,92.69694444,2023-07-21
23023,Mizoram,Aizawl,23.78138889,92.67638889,2023-10-18
23105,Mizoram,Aizawl,23.76388889,92.73388889,2024-09-19
23137,Mizoram,Aizawl,23.70277778,92.72083333,2024-06-25
23476,Mizoram,Aizawl,23.73794444,92.78613889,2024-06-25
23526,Mizoram,Aizawl,23.88583333,92.85055556,2024-09-21
23553,Mizoram,Aizawl,24.32773611,93.57937222,2024-06-25
23602,Mizoram,Aizawl,23.27663889,93.1437530517578,2024-06-25
23723,Mizoram,Aizawl,23.755925,92.726753,2025-05-17
23714,Mizoram,Aizawl,23.6868033,92.7251987,2025-05-22
23715,Mizoram,Aizawl,23.7002691,92.7181685,2025-05-06
23025,Mizoram,Kolasib,23.93027778,92.65249633789062,2023-09-10
23032,Mizoram,Kolasib,23.00638889,92.67691667,2023-07-16
23037,Mizoram,Kolasib,23.91777778,92.73805556,2023-09-20
23038,Mizoram,Kolasib,23.89638889,92.73638889,2023-09-20
23629,Mizoram,Kolasib,23.03821667,93.12529444,2024-09-10
23684,Mizoram,Kolasib,23.49216111,93.23695373535156,2024-07-10
24014,Mizoram,Lunglei,23.201335,92.734857,2025-05-26
24015,Mizoram,Lunglei,23.201614379882812,92.734453,2025-05-26
24016,Mizoram,Lunglei,23.201759,92.734328,2025-05-26
22157,Mizoram,Aizawl,23.74416732788086,92.730472,2007-09-01
19914,Meghalaya,South West Khasi Hills,25.3145809173584,91.45242309570312,2013-07-30
19576,Manipur,TAMENGLONG,24.79083333,93.72333333,2011-06-29
18904,Manipur,Noney,24.925199508666992,94.33709716796876,2018-05-30
18701,Manipur,Tengnoupal,24.813306,93.243417,2018-07-26
23971,Mizoram,Aizawl,23.74150833,92.70785833,2023-05-28
25931,Nagaland,Kohima,25.620830535888672,94.11572265625,2025-05-24
25505,Nagaland,Tuensang,26.387779235839844,94.8258285522461,2009-07-20
25490,Nagaland,Tuensang,26.360830307006836,94.83999633789062,2009-05-28
24146,Nagaland,Tuensang,23.725778,91.645694,2018-05-04
25917,Nagaland,Kohima,25.6032619,94.1122188,2024-05-25
25925,Nagaland,Mokokchung,26.421859741210938,94.38520050048828,2025-06-30
25926,Nagaland,Mokokchung,26.42534637451172,94.387013,2025-06-30
25932,Nagaland,Tseminyu,25.881650924682617,94.1902313232422,2025-01-12
26763,Sikkim,East Sikkim,27.32888889,88.60777778,2021-05-11
26795,Sikkim,East Sikkim,27.25066667,88.53144444,2022-05-05
26760,Sikkim,North Sikkim,27.61936111,88.66131389,2021-06-11
26819,Sikkim,East Sikkim,27.37441667,88.54505556,2012-07-06
26820,Sikkim,East Sikkim,27.36977778,88.54466667,2012-07-06
1251,Arunachal Pradesh,Tawang,27.591388702392575,91.90249633789062,2016-04-16
20141,Meghalaya,East Khasi Hills,25.54231071472168,92.0999984741211,2009-06-24
19681,Meghalaya,Jaintia Hills,25.134194,92.383528,2007-07-24
20114,Meghalaya,West Khasi Hills,25.52079963684082,91.25984954833984,2007-07-18
19915,Meghalaya,West Khasi Hills,25.31488037109375,91.44912719726562,2007-07-12
20037,Meghalaya,West Khasi Hills,25.40546989440918,91.53711700439452,2007-08-11
24708,Nagaland,Kohima,25.74696922302246,93.9816665649414,2013-09-01
19020,Manipur,Kangpokpi,24.99797248840332,94.020444,2007-08-21
19017,Manipur,Ukhrul,24.99427795410156,94.205917,2007-08-21
26728,Sikkim,East Sikkim,27.25352778,88.60377778,2021-10-12
26746,Sikkim,East Sikkim,27.28666667,88.55347222,2021-08-20
590,Assam,Udalguri,26.89073944091797,92.12068176269533,2021-04-21
589,Assam,Udalguri,26.88969039916992,92.1226577758789,2021-04-21
25961,Nagaland,Dimapur,26.072559356689453,93.9280014038086,2019-05-02
20487,Meghalaya,West Jaintia Hills,25.46307925,92.25426106,2020-05-19
25787,Nagaland,Mokokchung,26.4527822,94.375268,2025-07-01
25785,Nagaland,Mokokchung,26.4231373,94.3822611,2025-06-30
843,Assam,Kamrup (Metro),26.23801612854004,91.945953,2025-10-26
848,Assam,Kamrup (Metro),26.11956024169922,92.052125,2025-05-29
849,Assam,Dima Hasao,25.698139190673828,93.129423,2025-05-29
852,Assam,West Khasi Hills,25.740148,91.224044,2014-07-11
856,Assam,Kamrup (Metro),26.156633377075195,91.9385757446289,2024-08-01
2078,Arunachal Pradesh,Papum Pare,27.099285125732425,93.614766,2026-03-09
20558,Meghalaya,West Jaintia Hills,25.44741667,92.20138889,2020-05-19
20560,Meghalaya,West Jaintia Hills,25.45351667,92.18784722,2020-05-19
19123,Manipur,Tamenglong,25.091777801513672,92.354694,2018-07-04
25936,Nagaland,Kohima,25.686250686645508,94.04297222,2025-07-18
25798,Nagaland,Kohima,25.71711111,94.08561111,2017-10-22
26866,Tripura,Gomati,23.98033332824707,91.475278,2018-05-11
26844,Tripura,Gomati,23.794253,91.553533,2018-05-13
18986,Manipur,Ukhrul,24.98352813720703,94.158333,2018-06-05
25799,Nagaland,Kohima,25.712031,94.089791,2022-09-05
25801,Nagaland,Kohima,25.7179491,94.0917724,2022-09-21
20656,Meghalaya,East Khasi Hills,25.566518,91.914509,2025-08-12
22917,Mizoram,Aizawl,23.65530556,92.70249938964844,2022-03-29
20542,Meghalaya,East Khasi Hills,25.56663056,91.91370556,2019-07-03
20293,Meghalaya,East Khasi Hills,25.625099182128903,91.91179656982422,2024-05-20
26904,Tripura,South Tripura,23.25229444,91.48825073242188,2021-08-18
23970,Mizoram,Aizawl,23.71688889,92.72083333,2022-07-19
709,Assam,Dima Hasao (N.C. Hills),25.20738889,93.12277778,2014-08-13
25934,Nagaland,Kohima,25.73424911499023,94.00119444,2015-07-08
723,Assam,Dima Hasao (N.C. Hills),25.177499771118164,93.02622222,2016-05-15
25940,Nagaland,Kohima,25.62509167,94.11405278,2015-07-11
23956,Mizoram,Aizawl,24.36571502685547,92.930137,2025-05-25
23721,Mizoram,Aizawl,23.750240325927734,92.736662,2025-05-25
23940,Mizoram,Champhai,23.198136,93.166988,2025-05-25
23941,Mizoram,Champhai,23.177311,93.198157,2025-05-25
23938,Mizoram,Khawzawl,23.206600189208984,93.148665,2025-05-25
23943,Mizoram,Khawzawl,23.14788055419922,93.323791,2025-05-25
24034,Mizoram,Lunglei,23.184091,92.738895,2025-05-25
23920,Mizoram,Lunglei,23.206239,92.491221,2025-05-25
23921,Mizoram,Lunglei,23.199961,92.488796,2025-05-25
23922,Mizoram,Lunglei,23.178239822387695,92.491031,2025-05-25
23923,Mizoram,Lunglei,23.180969,92.488193,2025-05-25
23924,Mizoram,Lunglei,23.180354,92.486971,2025-05-25
23925,Mizoram,Lunglei,23.182466,92.487731,2025-05-25
23875,Mizoram,Lunglei,23.297521,92.689449,2025-05-25
23876,Mizoram,Lunglei,23.303739547729492,92.672816,2025-05-25
23877,Mizoram,Lunglei,23.304122924804688,92.671521,2025-05-25
23878,Mizoram,Lunglei,23.30610466003418,92.671296,2025-05-25
23879,Mizoram,Lunglei,23.306338,92.666573,2025-05-25
23880,Mizoram,Lunglei,23.3204402923584,92.643229,2025-05-25
23881,Mizoram,Lunglei,23.301901,92.649401,2025-05-25
23927,Mizoram,Lunglei,23.251004,92.6366729736328,2025-05-25
23760,Mizoram,Lunglei,23.114694,92.743931,2025-05-25
23882,Mizoram,Lunglei,23.246611,92.655112,2025-05-25
23888,Mizoram,Lunglei,23.173900604248047,92.611378,2025-05-25
23889,Mizoram,Lunglei,23.17325782775879,92.611929,2025-05-25
23890,Mizoram,Lunglei,23.17251968383789,92.611434,2025-05-25
23896,Mizoram,Lunglei,23.200105,92.584517,2025-05-25
23917,Mizoram,Lunglei,23.204981,92.534603,2025-05-25
23918,Mizoram,Lunglei,23.206253051757812,92.533605,2025-05-25
23919,Mizoram,Lunglei,23.209857,92.500587,2025-05-25
23926,Mizoram,Lunglei,23.2047061920166,92.533825,2025-05-25
23784,Mizoram,Lunglei,22.866131,92.772713,2025-05-25
23785,Mizoram,Lunglei,22.903567,92.758702,2025-05-25
23786,Mizoram,Lunglei,22.903453826904297,92.760096,2025-05-25
23787,Mizoram,Lunglei,22.90461540222168,92.75704956054688,2025-05-25
23788,Mizoram,Lunglei,22.922528,92.752404,2025-05-25
23790,Mizoram,Lunglei,22.880420684814453,92.821692,2025-05-25
23866,Mizoram,Serchhip,23.29386329650879,92.741368,2025-05-25
23867,Mizoram,Serchhip,23.295774459838867,92.740012,2025-05-25
23868,Mizoram,Serchhip,23.302650451660156,92.742945,2025-05-25
23872,Mizoram,Serchhip,23.300291061401367,92.69577026367188,2025-05-25
23873,Mizoram,Serchhip,23.299806,92.694901,2025-05-25
23874,Mizoram,Serchhip,23.299312,92.692614,2025-05-25
23740,Mizoram,Serchhip,23.239137,92.744468,2025-05-25
23836,Mizoram,Serchhip,23.307092666625977,92.856289,2025-05-25
23837,Mizoram,Serchhip,23.307523727416992,92.857678,2025-05-25
23838,Mizoram,Serchhip,23.305938720703125,92.857538,2025-05-25
23839,Mizoram,Serchhip,23.303906,92.853173,2025-05-25
23846,Mizoram,Serchhip,23.346456,92.851511,2025-05-25
23847,Mizoram,Serchhip,23.346599578857425,92.854847,2025-05-25
23857,Mizoram,Serchhip,23.27122688293457,92.874544,2025-05-25
23858,Mizoram,Serchhip,23.27054786682129,92.877577,2025-05-25
23859,Mizoram,Serchhip,23.67700958251953,92.8789520263672,2025-05-25
23863,Mizoram,Serchhip,23.28144264221191,92.840145,2025-05-25
23800,Mizoram,Serchhip,23.180345,92.900082,2025-05-25
23930,Mizoram,Serchhip,23.223807,92.944448,2025-05-25
23931,Mizoram,Serchhip,23.21795082092285,92.998007,2025-05-25
23932,Mizoram,Serchhip,23.217324,92.99812316894533,2025-05-25
23933,Mizoram,Serchhip,23.199169158935547,93.000199,2025-05-25
23773,Mizoram,Siaha,22.469737,93.100868,2025-05-25
23952,Mizoram,Aizawl,23.807952,92.834037,2025-05-25
23724,Mizoram,Aizawl,23.74580192565918,92.717053,2025-05-25
23727,Mizoram,Aizawl,23.469247,92.744068,2025-05-25
24100,Mizoram,Lunglei,23.112390518188477,92.745417,2025-05-25
23887,Mizoram,Lunglei,23.174558,92.612556,2025-05-25
23891,Mizoram,Lunglei,23.17265892028809,92.611828,2025-05-25
23892,Mizoram,Lunglei,23.198272,92.589291,2025-05-25
23893,Mizoram,Lunglei,23.19896125793457,92.590043,2025-05-25
23894,Mizoram,Lunglei,23.199094772338867,92.586671,2025-05-25
23895,Mizoram,Lunglei,23.19941520690918,92.585883,2025-05-25
23801,Mizoram,Serchhip,23.187383,92.89826202392578,2025-05-25
23802,Mizoram,Serchhip,23.187762,92.898034,2025-05-25
23928,Mizoram,Serchhip,23.23489761352539,92.911307,2025-05-25
23929,Mizoram,Serchhip,23.225619,92.924909,2025-05-25
23799,Mizoram,Hnahthial,23.170678,92.899334,2025-05-25
23864,Mizoram,Serchhip,23.280946731567383,92.83670043945312,2025-05-25
20594,Meghalaya,South West Khasi Hills,25.39295833,91.55163333,2024-05-21
20644,Meghalaya,Eastern-West Khasi Hill,25.68798889,91.65838889,2024-05-21
20645,Meghalaya,Eastern-West Khasi Hill,25.68804931640625,91.6665267944336,2024-05-21
20596,Meghalaya,South West Khasi Hills,25.40288611,91.43424167,2024-05-21
23088,Mizoram,Aizawl,23.60861111,92.85055556,2024-05-21
23096,Mizoram,Aizawl,23.73222222,92.75,2024-05-21
23097,Mizoram,Aizawl,23.73194444,92.75,2024-05-21
23098,Mizoram,Aizawl,23.74083333,92.74111111,2024-05-21
23115,Mizoram,Aizawl,23.74916667,92.69416667,2024-05-21
23121,Mizoram,Aizawl,23.69277778,92.72055556,2024-05-21
23132,Mizoram,Aizawl,23.70972222,92.72222222,2024-05-21
23133,Mizoram,Aizawl,23.69944444,92.71972222,2024-05-21
23145,Mizoram,Aizawl,23.66416667,92.72055556,2024-05-21
23146,Mizoram,Aizawl,23.66055556,92.72527778,2024-05-21
23147,Mizoram,Aizawl,23.65999984741211,92.72638889,2024-05-21
23148,Mizoram,Aizawl,23.65527778,92.72694444,2024-05-21
23149,Mizoram,Aizawl,23.65138889,92.72694444,2024-05-21
23150,Mizoram,Aizawl,23.64555556,92.72444444,2024-05-21
23152,Mizoram,Aizawl,23.64444444,92.72527778,2024-05-21
23153,Mizoram,Aizawl,23.64166667,92.72416667,2024-05-21
23154,Mizoram,Aizawl,23.64083333,92.72472222,2024-05-21
23155,Mizoram,Aizawl,23.637500762939453,92.72277778,2024-05-21
23160,Mizoram,Aizawl,23.62611111,92.72638889,2024-05-21
23161,Mizoram,Aizawl,23.63249969482422,92.72388889,2024-05-21
23163,Mizoram,Aizawl,23.62972222,92.72555556,2024-05-21
23167,Mizoram,Aizawl,23.61611111,92.71722222,2024-05-21
23170,Mizoram,Aizawl,23.61861111,92.72611111,2024-05-21
23171,Mizoram,Aizawl,23.60555556,92.7249984741211,2024-05-21
23177,Mizoram,Aizawl,23.59194444,92.75055556,2024-05-21
23184,Mizoram,Aizawl,23.60861111,92.80972222,2024-05-21
23188,Mizoram,Aizawl,23.60972222,92.80916667,2024-05-21
23192,Mizoram,Aizawl,23.61222222,92.80527778,2024-05-21
23193,Mizoram,Aizawl,23.61138889,92.80333333,2024-05-21
23207,Mizoram,Aizawl,23.61611111,92.79777778,2024-05-21
23208,Mizoram,Aizawl,23.61472222,92.79583333,2024-05-21
23209,Mizoram,Aizawl,23.614999771118164,92.79222222,2024-05-21
23211,Mizoram,Aizawl,23.61861111,92.79000091552734,2024-05-21
23214,Mizoram,Aizawl,23.62333333,92.78888889,2024-05-21
23216,Mizoram,Aizawl,23.62527778,92.78638889,2024-05-21
23229,Mizoram,Aizawl,23.59527778,92.71722222,2024-05-21
23230,Mizoram,Aizawl,23.59055556,92.71611111,2024-05-21
23246,Mizoram,Aizawl,23.57138889,92.70972222,2024-05-21
23247,Mizoram,Aizawl,23.57055556,92.70888889,2024-05-21
23248,Mizoram,Aizawl,23.57027778,92.70722222,2024-05-21
23249,Mizoram,Aizawl,23.55388889,92.70472222,2024-05-21
23250,Mizoram,Aizawl,23.55444444,92.70527778,2024-05-21
23253,Mizoram,Aizawl,23.549999237060547,92.70444444,2024-05-21
23264,Mizoram,Aizawl,23.53555556,92.72333333,2024-05-21
23272,Mizoram,Aizawl,23.54833333,92.71083333,2024-05-21
23277,Mizoram,Aizawl,23.54888889,92.70555556,2024-05-21
23278,Mizoram,Aizawl,23.545000076293945,92.70333333,2024-05-21
23279,Mizoram,Aizawl,23.54027778,92.70138889,2024-05-21
23283,Mizoram,Aizawl,23.53694444,92.69750213623048,2024-05-21
23284,Mizoram,Aizawl,23.53611111,92.69777778,2024-05-21
23289,Mizoram,Aizawl,23.53027778,92.69666667,2024-05-21
23290,Mizoram,Aizawl,23.52861111,92.69750213623048,2024-05-21
23291,Mizoram,Aizawl,23.52777778,92.69861111,2024-05-21
23294,Mizoram,Aizawl,23.52277778,92.70277778,2024-05-21
23297,Mizoram,Aizawl,23.51444444,92.69805556,2024-05-21
23299,Mizoram,Aizawl,23.51055556,92.69972222,2024-05-21
23301,Mizoram,Aizawl,23.50694444,92.69638889,2024-05-21
23303,Mizoram,Aizawl,23.50527778,92.69750213623048,2024-05-21
23306,Mizoram,Aizawl,23.55027778,92.70444444,2024-05-21
23316,Mizoram,Aizawl,23.54305556,92.70055556,2024-05-21
23321,Mizoram,Aizawl,23.53972222,92.69944444,2024-05-21
23322,Mizoram,Aizawl,23.53777778,92.69833333,2024-05-21
23327,Mizoram,Aizawl,23.54277778,92.67638889,2024-05-21
23331,Mizoram,Aizawl,23.54277778,92.67472222,2024-05-21
23333,Mizoram,Aizawl,23.54333333,92.66472222,2024-05-21
23336,Mizoram,Aizawl,23.53944444,92.66527778,2024-05-21
23338,Mizoram,Aizawl,23.53888889,92.6624984741211,2024-05-21
23345,Mizoram,Aizawl,23.53944444,92.65888889,2024-05-21
23346,Mizoram,Aizawl,23.53611111,92.65527778,2024-05-21
23351,Mizoram,Aizawl,23.45083333,92.68250274658205,2024-05-21
23360,Mizoram,Aizawl,23.44805556,92.68333333,2024-05-21
23362,Mizoram,Aizawl,23.44333333,92.68527778,2024-05-21
23365,Mizoram,Aizawl,23.42722222,92.71277778,2024-05-21
23367,Mizoram,Aizawl,23.41694444,92.71805556,2024-05-21
23373,Mizoram,Aizawl,23.40999984741211,92.74944444,2024-05-21
23388,Mizoram,Aizawl,23.37972222,92.75166667,2024-05-21
23396,Mizoram,Aizawl,23.35694444,92.77027778,2024-05-21
23397,Mizoram,Aizawl,23.35638889,92.77027778,2024-05-21
23401,Mizoram,Aizawl,23.39166667,92.75527778,2024-05-21
23410,Mizoram,Aizawl,23.43194444,92.76083333,2024-05-21
23414,Mizoram,Aizawl,23.44138889,92.77888889,2024-05-21
23420,Mizoram,Aizawl,23.48555556,92.70305556,2024-05-21
23421,Mizoram,Aizawl,23.49083333,92.70555556,2024-05-21
23427,Mizoram,Aizawl,23.49861111,92.70388889,2024-05-21
23431,Mizoram,Aizawl,23.68277778,92.85749816894533,2024-05-21
23432,Mizoram,Aizawl,23.68305556,92.85749816894533,2024-05-21
23436,Mizoram,Aizawl,23.68638889,92.85833333,2024-05-21
23438,Mizoram,Aizawl,23.69472222,92.85972222,2024-05-21
23439,Mizoram,Aizawl,23.71416667,92.85805556,2024-05-21
23442,Mizoram,Aizawl,23.72722222,92.85472222,2024-05-21
23443,Mizoram,Aizawl,23.72972222,92.85305556,2024-05-21
23446,Mizoram,Aizawl,23.73111111,92.84638889,2024-05-21
23447,Mizoram,Aizawl,23.73361111,92.84305556,2024-05-21
23459,Mizoram,Aizawl,23.73833333,92.81333333,2024-05-21
23461,Mizoram,Aizawl,23.73472222,92.81333333,2024-05-21
23465,Mizoram,Aizawl,23.729999542236328,92.75833333,2024-05-21
23468,Mizoram,Aizawl,23.73055556,92.75861111,2024-05-21
23481,Mizoram,Aizawl,23.72222222,92.79861111,2024-05-21
23498,Mizoram,Aizawl,23.73583333,92.85194444,2024-05-21
23507,Mizoram,Aizawl,23.77750015258789,92.84833333,2024-05-21
23508,Mizoram,Aizawl,23.77833333,92.84666667,2024-05-21
23512,Mizoram,Aizawl,23.77361111,92.84944444,2024-05-21
23517,Mizoram,Aizawl,23.82638889,92.8324966430664,2024-05-21
23521,Mizoram,Aizawl,23.84777778,92.83694444,2024-05-21
23582,Mizoram,Aizawl,23.10172778,93.20231944,2024-05-21
23588,Mizoram,Aizawl,23.09561111,93.20786389,2024-05-21
23596,Mizoram,Aizawl,23.11097526550293,93.21260278,2024-05-21
23728,Mizoram,Aizawl,23.410771,92.753123,2024-05-21
23707,Mizoram,Kolasib,24.56925833,93.177275,2024-05-21
23710,Mizoram,Kolasib,24.52607536315918,93.05379167,2024-05-21
22811,Mizoram,Aizawl,23.77305556,92.74361111,2024-05-21
22701,Mizoram,Aizawl,23.73888889,92.69638889,2024-05-21
22702,Mizoram,Aizawl,23.73947222,92.69666667,2024-05-21
22704,Mizoram,Aizawl,23.74066667,92.69336111,2024-05-21
22764,Mizoram,Aizawl,23.6200008392334,92.72472222,2024-05-21
22707,Mizoram,Aizawl,23.74116667,92.69455556,2024-05-21
22709,Mizoram,Aizawl,23.73386111,92.69491667,2024-05-21
22710,Mizoram,Aizawl,23.72669444,92.69519444,2024-05-21
22714,Mizoram,Aizawl,23.73305556,92.69944444,2024-05-21
22715,Mizoram,Aizawl,23.74972222,92.69833333,2024-05-21
22716,Mizoram,Aizawl,23.73111111,92.70222222,2024-05-21
22717,Mizoram,Aizawl,23.73111111,92.70388889,2024-05-21
22718,Mizoram,Aizawl,23.73333333,92.70527778,2024-05-21
22720,Mizoram,Aizawl,23.73583333,92.69777778,2024-05-21
22721,Mizoram,Aizawl,23.73132778,92.70821944,2024-05-21
22722,Mizoram,Aizawl,23.72428333,92.70737778,2024-05-21
22723,Mizoram,Aizawl,23.72276944,92.70664978027344,2024-05-21
22724,Mizoram,Aizawl,23.71446389,92.71146389,2024-05-21
22725,Mizoram,Aizawl,23.71581111,92.7093505859375,2024-05-21
22726,Mizoram,Aizawl,23.71595001220703,92.70879444,2024-05-21
22730,Mizoram,Aizawl,23.71721667,92.70777778,2024-05-21
22731,Mizoram,Aizawl,23.71697222,92.70817222,2024-05-21
22732,Mizoram,Aizawl,23.71305556,92.70895833,2024-05-21
22733,Mizoram,Aizawl,23.71523056,92.71529167,2024-05-21
22737,Mizoram,Aizawl,23.71638889,92.72111111,2024-05-21
22738,Mizoram,Aizawl,23.71444444,92.72861111,2024-05-21
22741,Mizoram,Aizawl,23.71571389,92.72659722,2024-05-21
22742,Mizoram,Aizawl,23.710399627685547,92.72237778,2024-05-21
22743,Mizoram,Aizawl,23.71865833,92.72335278,2024-05-21
22745,Mizoram,Aizawl,23.709999084472656,92.71611111,2024-05-21
22747,Mizoram,Aizawl,23.70666667,92.71444444,2024-05-21
22748,Mizoram,Aizawl,23.70527778,92.71138889,2024-05-21
22750,Mizoram,Aizawl,23.70027778,92.71611111,2024-05-21
22751,Mizoram,Aizawl,23.69972222,92.71694444,2024-05-21
22756,Mizoram,Aizawl,23.64638889,92.72527778,2024-05-21
22757,Mizoram,Aizawl,23.63111111,92.72388889,2024-05-21
22758,Mizoram,Aizawl,23.63055556,92.72305556,2024-05-21
22759,Mizoram,Aizawl,23.62833333,92.72333333,2024-05-21
22760,Mizoram,Aizawl,23.62277778,92.72444444,2024-05-21
22761,Mizoram,Aizawl,23.62194444,92.72305556,2024-05-21
22762,Mizoram,Aizawl,23.62083333,92.72250366210938,2024-05-21
22763,Mizoram,Aizawl,23.61916667,92.72250366210938,2024-05-21
22765,Mizoram,Aizawl,23.61972222,92.72527778,2024-05-21
22766,Mizoram,Aizawl,23.62027778,92.72555556,2024-05-21
22767,Mizoram,Aizawl,23.62027778,92.72611111,2024-05-21
22768,Mizoram,Aizawl,23.62111111,92.72444444,2024-05-21
22771,Mizoram,Aizawl,23.67583333,92.71499633789062,2024-05-21
22772,Mizoram,Aizawl,23.67472222,92.71722222,2024-05-21
22773,Mizoram,Aizawl,23.67444444,92.71472222,2024-05-21
22774,Mizoram,Aizawl,23.67388889,92.71472222,2024-05-21
22775,Mizoram,Aizawl,23.672069,92.7099293,2024-05-21
22776,Mizoram,Aizawl,23.684301376342773,92.715511,2024-05-21
22779,Mizoram,Aizawl,23.70305556,92.72055556,2024-05-21
22782,Mizoram,Aizawl,23.690000534057617,92.72361111,2024-05-21
22783,Mizoram,Aizawl,23.68361111,92.72277778,2024-05-21
22788,Mizoram,Aizawl,23.66027778,92.72694444,2024-05-21
22790,Mizoram,Aizawl,23.64388889,92.72583333,2024-05-21
22791,Mizoram,Aizawl,23.635000228881836,92.72361111,2024-05-21
22793,Mizoram,Aizawl,23.46777778,92.74111111,2024-05-21
22799,Mizoram,Aizawl,23.51361111,92.69833333,2024-05-21
22800,Mizoram,Aizawl,23.53666667,92.69750213623048,2024-05-21
22801,Mizoram,Aizawl,23.54166667,92.70194444,2024-05-21
22803,Mizoram,Aizawl,23.52944444,92.72944444,2024-05-21
22804,Mizoram,Aizawl,23.53083333,92.73055556,2024-05-21
22805,Mizoram,Aizawl,23.53111111,92.73361111,2024-05-21
22806,Mizoram,Aizawl,23.53083333,92.73333333,2024-05-21
22807,Mizoram,Aizawl,23.56388889,92.70805556,2024-05-21
22808,Mizoram,Aizawl,23.56416667,92.70805556,2024-05-21
22809,Mizoram,Aizawl,23.565000534057617,92.70777778,2024-05-21
22810,Mizoram,Aizawl,23.56666667,92.70888889,2024-05-21
22814,Mizoram,Aizawl,23.74861111,92.73861111,2024-05-21
22815,Mizoram,Aizawl,23.61000061035156,92.72083333,2024-05-21
22816,Mizoram,Aizawl,23.60666667,92.72305556,2024-05-21
22817,Mizoram,Aizawl,23.592500686645508,92.71666667,2024-05-21
22818,Mizoram,Aizawl,23.58722222,92.71361111,2024-05-21
22819,Mizoram,Aizawl,23.57694444,92.71305556,2024-05-21
22821,Mizoram,Aizawl,23.58138889,92.71416667,2024-05-21
22822,Mizoram,Aizawl,23.58694444,92.71749877929688,2024-05-21
22823,Mizoram,Aizawl,23.58555556,92.71583333,2024-05-21
22824,Mizoram,Aizawl,23.58583333,92.71638889,2024-05-21
22825,Mizoram,Aizawl,23.58638889,92.71583333,2024-05-21
22826,Mizoram,Aizawl,23.65388889,92.72444444,2024-05-21
22827,Mizoram,Aizawl,23.65416667,92.71777778,2024-05-21
22829,Mizoram,Aizawl,23.65416667,92.69000244140624,2024-05-21
22831,Mizoram,Aizawl,23.66083333,92.67277778,2024-05-21
22833,Mizoram,Aizawl,23.65861111,92.70583333,2024-05-21
22834,Mizoram,Aizawl,23.68143611,92.72144167,2024-05-21
22794,Mizoram,Aizawl,23.46805556,92.71638889,2024-05-21
22797,Mizoram,Aizawl,23.489999771118164,92.70555556,2024-05-21
22798,Mizoram,Aizawl,23.49722222,92.70333333,2024-05-21
22812,Mizoram,Aizawl,23.77472222,92.76194444,2024-05-21
22813,Mizoram,Aizawl,23.77361111,92.76111111,2024-05-21
22849,Mizoram,Aizawl,23.76083333,92.84750366210938,2024-05-21
22850,Mizoram,Aizawl,23.86972222,92.87611111,2024-05-21
22836,Mizoram,Aizawl,23.72694444,92.79527778,2024-05-21
22837,Mizoram,Aizawl,23.73277778,92.79722222,2024-05-21
22838,Mizoram,Aizawl,23.73416667,92.79861111,2024-05-21
22839,Mizoram,Aizawl,23.74555556,92.79444444,2024-05-21
22840,Mizoram,Aizawl,23.73666667,92.79722222,2024-05-21
22844,Mizoram,Aizawl,23.73555556,92.80027778,2024-05-21
22848,Mizoram,Aizawl,23.73305556,92.84777778,2024-05-21
22852,Mizoram,Serchhip,23.47694444,92.857846,2024-05-21
22853,Mizoram,Serchhip,23.471041,92.8550262451172,2024-05-21
22854,Mizoram,Serchhip,23.465558,92.855991,2024-05-21
22855,Mizoram,Serchhip,23.463164,92.854672,2024-05-21
22856,Mizoram,Serchhip,23.312589645385746,92.85641479492188,2024-05-21
22857,Mizoram,Serchhip,23.288812,92.864763,2024-05-21
22858,Mizoram,Serchhip,23.281264,92.869279,2024-05-21
22859,Mizoram,Serchhip,23.379441,92.844081,2024-05-21
22860,Mizoram,Serchhip,23.38150978088379,92.844938,2024-05-21
22861,Mizoram,Serchhip,23.38217544555664,92.843876,2024-05-21
22862,Mizoram,Serchhip,23.38277244567871,92.845187,2024-05-21
22863,Mizoram,Serchhip,23.381532669067383,92.854115,2024-05-21
22864,Mizoram,Serchhip,23.387941360473633,92.842291,2024-05-21
22865,Mizoram,Serchhip,23.237077,92.910043,2024-05-21
22866,Mizoram,Serchhip,23.126631,93.064946,2024-05-21
23103,Mizoram,Aizawl,23.76972222,92.74472222,2024-05-21
23178,Mizoram,Aizawl,23.594999313354492,92.81611111,2024-05-21
23189,Mizoram,Aizawl,23.61361111,92.80777778,2024-05-21
23231,Mizoram,Aizawl,23.59027778,92.71583333,2024-05-21
23505,Mizoram,Aizawl,23.77777778,92.847900390625,2024-05-21
23692,Mizoram,Kolasib,24.42589950561523,93.13580556,2024-05-21
22728,Mizoram,Aizawl,23.71740833,92.70644167,2024-05-21
22703,Mizoram,Aizawl,23.74027778,92.69722222,2024-05-21
22711,Mizoram,Aizawl,23.73361111,92.69388889,2024-05-21
22712,Mizoram,Aizawl,23.73472222,92.69499969482422,2024-05-21
22727,Mizoram,Aizawl,23.717500686645508,92.70666667,2024-05-21
22729,Mizoram,Aizawl,23.71735556,92.70753333,2024-05-21
22736,Mizoram,Aizawl,23.71138889,92.72444444,2024-05-21
22749,Mizoram,Aizawl,23.70416667,92.71222222,2024-05-21
22754,Mizoram,Aizawl,23.64333333,92.73444444,2024-05-21
22802,Mizoram,Aizawl,23.54277778,92.70333333,2024-05-21
23712,Mizoram,Aizawl,23.57722222,92.71222222,2024-05-21
22820,Mizoram,Aizawl,23.58027778,92.71499633789062,2024-05-21
22830,Mizoram,Aizawl,23.66055556,92.67277778,2024-05-21
22832,Mizoram,Aizawl,23.65777778,92.67444444,2024-05-21
22795,Mizoram,Aizawl,23.47249984741211,92.71444444,2024-05-21
22851,Mizoram,Aizawl,23.80750556,92.83417222,2024-05-21
22841,Mizoram,Aizawl,23.73638889,92.79805556,2024-05-21
22842,Mizoram,Aizawl,23.73583333,92.79888889,2024-05-21
22843,Mizoram,Aizawl,23.73638889,92.8000030517578,2024-05-21
22845,Mizoram,Aizawl,23.71972222,92.79777778,2024-05-21
23254,Mizoram,Aizawl,23.53222222,92.73500061035156,2024-05-21
23285,Mizoram,Aizawl,23.53555556,92.69694444,2024-05-21
23300,Mizoram,Aizawl,23.50861111,92.69805556,2024-05-21
22769,Mizoram,Aizawl,23.68743333,92.72129167,2024-05-21
22770,Mizoram,Aizawl,23.67694444,92.71722222,2024-05-21
22778,Mizoram,Aizawl,23.70416667,92.72000122070312,2024-05-21
22828,Mizoram,Aizawl,23.655000686645508,92.71444444,2024-05-21
22846,Mizoram,Aizawl,23.72222222,92.80138889,2024-05-21
22835,Mizoram,Aizawl,23.73555556,92.78833333,2024-05-21
19600,Manipur,Noney,24.846509,93.573533,2025-05-24
20653,Meghalaya,Eastern-West Khasi Hill,25.700668334960938,91.596815,2025-05-24
804,Assam,Kamrup,26.170270919799805,91.697998046875,2025-05-24
20617,Meghalaya,East Khasi Hills,25.42315556,91.86329167,2025-05-24
20654,Meghalaya,Eastern-West Khasi Hill,25.73945426940918,91.572107,2025-05-24
799,Assam,Kamrup,26.19113889,91.82961111,2025-05-24
846,Assam,Kamrup (Metro),26.184324264526367,91.855395,2025-05-24
